week,p,fail,delay,total,band
10.0,0.6146586877046084,0.3853413122953916,0.0,0.3853413122953916,低 BMI
10.1,0.6196868147107466,0.3803131852892534,0.0,0.3803131852892534,低 BMI
10.2,0.6246933164771091,0.37530668352289087,0.0,0.37530668352289087,低 BMI
10.3,0.629677422463501,0.370322577536499,0.0,0.370322577536499,低 BMI
10.4,0.6346383742740105,0.3653616257259895,0.0,0.3653616257259895,低 BMI
10.499999999999998,0.6395754259799432,0.3604245740200568,0.0,0.3604245740200568,低 BMI
10.599999999999998,0.6444878444316052,0.35551215556839477,0.0,0.35551215556839477,低 BMI
10.699999999999998,0.6493749095587539,0.3506250904412461,0.0,0.3506250904412461,低 BMI
10.799999999999995,0.6542359146595494,0.34576408534045056,0.0,0.34576408534045056,低 BMI
10.899999999999997,0.6590701666778568,0.3409298333221432,0.0,0.3409298333221432,低 BMI
10.999999999999996,0.6638769864687568,0.3361230135312432,0.0,0.3361230135312432,低 BMI
11.099999999999996,0.6686544818549727,0.33134551814502733,0.0,0.33134551814502733,低 BMI
11.199999999999996,0.6733959261197078,0.3266040738802922,0.0,0.3266040738802922,低 BMI
11.299999999999995,0.6780935485934425,0.3219064514065575,0.0,0.3219064514065575,低 BMI
11.399999999999997,0.6827397848780471,0.3172602151219529,0.0,0.3172602151219529,低 BMI
11.499999999999996,0.6873272840537794,0.3126727159462206,0.0,0.3126727159462206,低 BMI
11.599999999999994,0.6918489144452118,0.3081510855547882,0.0,0.3081510855547882,低 BMI
11.699999999999994,0.6962977678663647,0.30370223213363534,0.0,0.30370223213363534,低 BMI
11.799999999999994,0.7006671622788077,0.29933283772119235,0.0,0.29933283772119235,低 BMI
11.899999999999991,0.7049506428100946,0.29504935718990544,0.0,0.29504935718990544,低 BMI
11.999999999999991,0.7091419810934153,0.2908580189065847,0.0,0.2908580189065847,低 BMI
12.099999999999993,0.7132351729025743,0.2867648270974257,0.006249999999999534,0.2930148270974252,低 BMI
12.199999999999992,0.7172244340691083,0.2827755659308917,0.012499999999999512,0.2952755659308912,低 BMI
12.299999999999992,0.7211041946803952,0.2788958053196048,0.01874999999999949,0.2976458053196043,低 BMI
12.399999999999991,0.7248690915688004,0.2751309084311996,0.024999999999999467,0.30013090843119905,低 BMI
12.499999999999991,0.7285139591121093,0.27148604088789074,0.031249999999999445,0.3027360408878902,低 BMI
12.59999999999999,0.7320338183746425,0.26796618162535746,0.03749999999999942,0.3054661816253569,低 BMI
12.69999999999999,0.7354238646264077,0.26457613537359226,0.0437499999999994,0.30832613537359166,低 BMI
12.79999999999999,0.7386794532843971,0.2613205467156029,0.04999999999999938,0.3113205467156023,低 BMI
12.89999999999999,0.7417960843256629,0.2582039156743371,0.056249999999999356,0.31445391567433645,低 BMI
12.99999999999999,0.7447693852260925,0.2552306147739075,0.062499999999999334,0.31773061477390685,低 BMI
13.099999999999987,0.747595092481908,0.25240490751809197,0.0687499999999992,0.32115490751809117,低 BMI
13.199999999999989,0.7502690317729099,0.24973096822709007,0.07499999999999929,0.32473096822708936,低 BMI
13.299999999999988,0.7527870968274416,0.2472129031725584,0.08124999999999927,0.32846290317255766,低 BMI
13.399999999999988,0.7551452270491277,0.24485477295087232,0.08749999999999925,0.33235477295087157,低 BMI
13.499999999999988,0.7573393839647697,0.24266061603523026,0.09374999999999922,0.3364106160352295,低 BMI
13.599999999999987,0.7593655265515464,0.24063447344845357,0.0999999999999992,0.34063447344845277,低 BMI
13.699999999999989,0.7612195855000851,0.23878041449991494,0.10624999999999929,0.34503041449991423,低 BMI
13.799999999999986,0.7628974364682637,0.2371025635317363,0.11249999999999916,0.34960256353173547,低 BMI
13.899999999999986,0.7643948723790501,0.23560512762094987,0.11874999999999913,0.354355127620949,低 BMI
13.999999999999986,0.7657075748145503,0.23429242518544968,0.12499999999999911,0.3592924251854488,低 BMI
14.099999999999984,0.7668310845580727,0.2331689154419273,0.13124999999999898,0.3644189154419263,低 BMI
14.199999999999983,0.7677607713367529,0.2322392286632471,0.13749999999999896,0.36973922866324604,低 BMI
14.299999999999985,0.7684918028195055,0.23150819718049453,0.14374999999999905,0.3752581971804936,低 BMI
14.399999999999984,0.7690191129292232,0.2309808870707768,0.14999999999999902,0.3809808870707758,低 BMI
14.499999999999984,0.7693373695346706,0.23066263046532942,0.156249999999999,0.3869126304653284,低 BMI
14.599999999999984,0.76944181642627,0.23055818357373004,0.16249999999999898,0.393058183573729,低 BMI
14.699999999999983,0.7693384707747204,0.2306615292252796,0.16874999999999896,0.39941152922527856,低 BMI
14.799999999999985,0.7690406643545474,0.23095933564545257,0.17499999999999905,0.4059593356454516,低 BMI
14.899999999999984,0.7685616227340657,0.2314383772659343,0.18124999999999902,0.4126883772659333,低 BMI
14.999999999999982,0.7679143797624718,0.2320856202375282,0.1874999999999989,0.4195856202375271,低 BMI
15.099999999999982,0.7671118376140412,0.23288816238595877,0.19374999999999887,0.42663816238595764,低 BMI
15.199999999999982,0.7661668221899617,0.23383317781003832,0.19999999999999885,0.43383317781003716,低 BMI
15.29999999999998,0.7650921337561265,0.2349078662438735,0.2062499999999987,0.4411578662438722,低 BMI
15.39999999999998,0.763900592724092,0.23609940727590795,0.2124999999999988,0.44859940727590675,低 BMI
15.49999999999998,0.7626050805079929,0.23739491949200708,0.21874999999999878,0.45614491949200586,低 BMI
15.59999999999998,0.7612185754136213,0.23878142458637874,0.22499999999999876,0.4637814245863775,低 BMI
15.69999999999998,0.759754183537913,0.24024581646208698,0.23124999999999873,0.4714958164620857,低 BMI
15.79999999999998,0.7582251646782237,0.24177483532177635,0.2374999999999987,0.47927483532177506,低 BMI
15.89999999999998,0.7566449532712199,0.24335504672878006,0.2437499999999988,0.48710504672877886,低 BMI
15.99999999999998,0.7550271744009379,0.24497282559906208,0.24999999999999878,0.49497282559906086,低 BMI
16.09999999999998,0.7533856549343104,0.24661434506568958,0.25624999999999876,0.5028643450656883,低 BMI
16.199999999999978,0.7517344298598533,0.24826557014014672,0.2624999999999986,0.5107655701401453,低 BMI
16.299999999999976,0.7500877439206424,0.24991225607935763,0.2687499999999985,0.5186622560793561,低 BMI
16.399999999999977,0.7484600486455868,0.2515399513544132,0.2749999999999986,0.5265399513544118,低 BMI
16.49999999999998,0.7468659948925698,0.2531340051074302,0.28124999999999867,0.5343840051074289,低 BMI
16.599999999999977,0.7453204210225377,0.2546795789774623,0.28749999999999853,0.5421795789774608,低 BMI
16.699999999999974,0.7438383368243503,0.2561616631756497,0.2937499999999984,0.5499116631756481,低 BMI
16.799999999999976,0.7424349033054373,0.25756509669456273,0.2999999999999985,0.5575650966945612,低 BMI
16.899999999999977,0.7411254084524509,0.2588745915475491,0.3062499999999986,0.5651245915475477,低 BMI
16.999999999999975,0.7399252390486616,0.2600747609513384,0.31249999999999845,0.5725747609513369,低 BMI
17.099999999999973,0.7388498486104682,0.2611501513895318,0.3187499999999983,0.5799001513895301,低 BMI
17.199999999999974,0.7379147214739613,0.2620852785260387,0.3249999999999984,0.5870852785260371,低 BMI
17.299999999999976,0.7371353330240459,0.2628646669759541,0.3312499999999985,0.5941146669759526,低 BMI
17.399999999999974,0.7365271060135427,0.26347289398645735,0.33749999999999836,0.6009728939864557,低 BMI
17.49999999999997,0.7361053628685835,0.2638946371314165,0.3437499999999982,0.6076446371314147,低 BMI
17.599999999999973,0.7358852738204307,0.2641147261795693,0.3499999999999983,0.6141147261795676,低 BMI
17.699999999999974,0.7358818006439174,0.2641181993560826,0.3562499999999984,0.620368199356081,低 BMI
17.799999999999972,0.7361096357207325,0.2638903642792675,0.36249999999999827,0.6263903642792658,低 BMI
17.89999999999997,0.7365831360838986,0.2634168639161014,0.36874999999999813,0.6321668639160996,低 BMI
17.99999999999997,0.737316252040669,0.262683747959331,0.3749999999999982,0.6376837479593293,低 BMI
18.099999999999973,0.7383224499178103,0.26167755008218974,0.3812499999999983,0.642927550082188,低 BMI
18.19999999999997,0.7396138904665974,0.2603861095334026,0.3874999999999982,0.6478861095334008,低 BMI
18.29999999999997,0.7411897308464843,0.2588102691535157,0.39374999999999805,0.6525602691535137,低 BMI
18.39999999999997,0.7430383674145858,0.25696163258541416,0.39999999999999813,0.6569616325854123,低 BMI
18.49999999999997,0.7451475051063258,0.25485249489367423,0.4062499999999982,0.6611024948936725,低 BMI
18.59999999999997,0.7475045135271803,0.2524954864728197,0.4124999999999981,0.6649954864728178,低 BMI
18.699999999999967,0.7500964697434125,0.2499035302565875,0.41874999999999796,0.6686535302565855,低 BMI
18.79999999999997,0.7529102002925327,0.24708979970746725,0.42499999999999805,0.6720897997074653,低 BMI
18.89999999999997,0.7559323227240337,0.24406767727596634,0.43124999999999813,0.6753176772759645,低 BMI
18.999999999999968,0.759149286918754,0.24085071308124595,0.437499999999998,0.678350713081244,低 BMI
19.09999999999997,0.7625474163716398,0.2374525836283602,0.4437499999999981,0.6812025836283583,低 BMI
19.199999999999967,0.7661129495590456,0.23388705044095437,0.44999999999999796,0.6838870504409523,低 BMI
19.29999999999997,0.7698320814492732,0.23016791855072682,0.45624999999999805,0.6864179185507249,低 BMI
19.399999999999967,0.773691005154922,0.22630899484507805,0.4624999999999979,0.688808994845076,低 BMI
19.499999999999964,0.7776759536688814,0.22232404633111857,0.4687499999999978,0.6910740463311164,低 BMI
19.59999999999997,0.78177324157338,0.21822675842661998,0.4749999999999981,0.6932267584266181,低 BMI
19.699999999999967,0.7859693065642722,0.21403069343572778,0.48124999999999796,0.6952806934357257,低 BMI
19.799999999999965,0.790250750591435,0.20974924940856499,0.4874999999999978,0.6972492494085628,低 BMI
19.899999999999963,0.7946043803813666,0.2053956196186334,0.4937499999999977,0.6991456196186311,低 BMI
19.999999999999964,0.7990172470803129,0.20098275291968715,0.4999999999999978,0.7009827529196849,低 BMI
20.09999999999997,0.8034766847358571,0.1965233152641429,0.5062499999999981,0.702773315264141,低 BMI
20.199999999999964,0.8079703473220242,0.19202965267797578,0.5124999999999977,0.7045296526779735,低 BMI
20.29999999999996,0.8124862440076798,0.18751375599232023,0.5187499999999976,0.7062637559923178,低 BMI
20.399999999999963,0.8170127723701535,0.18298722762984654,0.5249999999999977,0.7079872276298442,低 BMI
20.499999999999964,0.821538749265357,0.17846125073464303,0.5312499999999978,0.7097112507346408,低 BMI
20.59999999999996,0.8260534390817509,0.17394656091824912,0.5374999999999974,0.7114465609182465,低 BMI
20.69999999999996,0.8305465791277663,0.1694534208722337,0.5437499999999975,0.7132034208722312,低 BMI
20.79999999999996,0.835008401930059,0.16499159806994101,0.5499999999999976,0.7149915980699386,低 BMI
20.899999999999963,0.8394296542524186,0.16057034574758144,0.5562499999999977,0.7168203457475791,低 BMI
20.99999999999996,0.843801612681451,0.15619838731854896,0.5624999999999976,0.7186983873185465,低 BMI
21.09999999999996,0.8481160956643052,0.15188390433569476,0.5687499999999974,0.7206339043356922,低 BMI
21.19999999999996,0.8523654719247931,0.14763452807520694,0.5749999999999975,0.7226345280752045,低 BMI
21.29999999999996,0.8565426652262317,0.14345733477376832,0.5812499999999976,0.7247073347737659,低 BMI
21.39999999999996,0.8606411554912681,0.13935884450873193,0.5874999999999975,0.7268588445087294,低 BMI
21.49999999999996,0.8646549763298705,0.13534502367012946,0.5937499999999976,0.729095023670127,低 BMI
21.59999999999996,0.8685787090657157,0.13142129093428434,0.5999999999999974,0.7314212909342818,低 BMI
21.69999999999996,0.872407473387578,0.12759252661242204,0.6062499999999975,0.7338425266124196,低 BMI
21.79999999999996,0.8761369147853216,0.12386308521467837,0.6124999999999976,0.736363085214676,低 BMI
21.89999999999996,0.8797631893228979,0.12023681067710212,0.6187499999999975,0.7389868106770996,低 BMI
21.99999999999996,0.8832841451592103,0.11671585484078972,0.6249999999999976,0.7417158548407873,低 BMI
22.09999999999996,0.8867017955055094,0.11329820449449057,0.6312499999999974,0.744548204494488,低 BMI
22.19999999999996,0.8900189272386418,0.10998107276135816,0.6374999999999975,0.7474810727613557,低 BMI
22.299999999999955,0.8932382822841648,0.1067617177158352,0.6437499999999972,0.7505117177158324,低 BMI
22.39999999999996,0.8963625557558307,0.10363744424416932,0.6499999999999975,0.7536374442441668,低 BMI
22.49999999999996,0.8993943943550136,0.10060560564498644,0.6562499999999976,0.756855605644984,低 BMI
22.599999999999955,0.9023363950127007,0.09766360498729931,0.6624999999999972,0.7601636049872965,低 BMI
22.699999999999957,0.9051911037573432,0.09480889624265676,0.6687499999999973,0.763558896242654,低 BMI
22.799999999999955,0.9079610147925494,0.09203898520745057,0.6749999999999972,0.7670389852074477,低 BMI
22.89999999999996,0.9106485697693011,0.08935143023069891,0.6812499999999975,0.7706014302306964,低 BMI
22.999999999999957,0.9132561572380673,0.0867438427619327,0.6874999999999973,0.77424384276193,低 BMI
23.09999999999995,0.9157861122668893,0.08421388773311067,0.693749999999997,0.7779638877331077,低 BMI
23.199999999999957,0.9182407162121974,0.08175928378780262,0.6999999999999973,0.7817592837877999,低 BMI
23.299999999999955,0.9206221966298049,0.07937780337019507,0.7062499999999972,0.7856278033701922,低 BMI
23.399999999999952,0.9229327273141906,0.07706727268580937,0.712499999999997,0.7895672726858064,低 BMI
23.49999999999995,0.9251744284548373,0.07482557154516267,0.7187499999999969,0.7935755715451596,低 BMI
23.59999999999995,0.9273493668990302,0.07265063310096975,0.724999999999997,0.7976506331009667,低 BMI
23.699999999999957,0.9294595565111408,0.07054044348885924,0.7312499999999973,0.8017904434888565,低 BMI
23.79999999999995,0.9315069586190221,0.06849304138097789,0.7374999999999969,0.8059930413809748,低 BMI
23.89999999999995,0.933493482538719,0.066506517461281,0.7437499999999968,0.8102565174612778,低 BMI
23.99999999999995,0.935420986169257,0.06457901383074305,0.7499999999999969,0.8145790138307399,低 BMI
24.09999999999995,0.9372912766498116,0.0627087233501884,0.756249999999997,0.8189587233501854,低 BMI
24.19999999999995,0.939106111072071,0.06089388892792902,0.7624999999999968,0.8233938889279259,低 BMI
24.299999999999947,0.9408671972410991,0.05913280275890087,0.7687499999999967,0.8278828027588976,低 BMI
24.39999999999995,0.9425761944784751,0.05742380552152493,0.7749999999999968,0.8324238055215217,低 BMI
24.49999999999995,0.9442347144619324,0.05576528553806759,0.7812499999999969,0.8370152855380645,低 BMI
24.599999999999948,0.9458443220961474,0.05415567790385256,0.7874999999999968,0.8416556779038493,低 BMI
24.699999999999942,0.947406536409726,0.05259346359027395,0.7937499999999964,0.8463434635902704,低 BMI
24.799999999999947,0.9489228314738258,0.051077168526174166,0.7999999999999967,0.8510771685261709,低 BMI
24.89999999999995,0.9503946373382071,0.04960536266179294,0.8062499999999968,0.8558553626617897,低 BMI
24.999999999999947,0.9518233409808504,0.04817665901914958,0.8124999999999967,0.8606766590191463,低 BMI
10.0,0.7043304160634298,0.29566958393657017,0.0,0.29566958393657017,中 BMI
10.1,0.7092792520115025,0.29072074798849745,0.0,0.29072074798849745,中 BMI
10.2,0.7141880543268468,0.28581194567315316,0.0,0.28581194567315316,中 BMI
10.3,0.7190561219133565,0.28094387808664345,0.0,0.28094387808664345,中 BMI
10.4,0.7238827772911604,0.27611722270883965,0.0,0.27611722270883965,中 BMI
10.499999999999998,0.7286673668247794,0.2713326331752206,0.0,0.2713326331752206,中 BMI
10.599999999999998,0.7334092609281788,0.2665907390718212,0.0,0.2665907390718212,中 BMI
10.699999999999998,0.7381078542467053,0.26189214575329467,0.0,0.26189214575329467,中 BMI
10.799999999999995,0.7427625658159367,0.2572374341840633,0.0,0.2572374341840633,中 BMI
10.899999999999997,0.7473728391974997,0.25262716080250025,0.0,0.25262716080250025,中 BMI
10.999999999999996,0.7519381425919409,0.24806185740805908,0.0,0.24806185740805908,中 BMI
11.099999999999996,0.756456810639827,0.24354318936017305,0.0,0.24354318936017305,中 BMI
11.199999999999996,0.7609226647188979,0.2390773352811021,0.0,0.2390773352811021,中 BMI
11.299999999999995,0.7653286568606557,0.23467134313934435,0.0,0.23467134313934435,中 BMI
11.399999999999997,0.7696680562531556,0.2303319437468444,0.0,0.2303319437468444,中 BMI
11.499999999999996,0.7739344520276425,0.22606554797235745,0.0,0.22606554797235745,中 BMI
11.599999999999994,0.7781217540029014,0.2218782459970986,0.0,0.2218782459970986,中 BMI
11.699999999999994,0.7822241913675676,0.2177758086324324,0.0,0.2177758086324324,中 BMI
11.799999999999994,0.786236309298568,0.21376369070143197,0.0,0.21376369070143197,中 BMI
11.899999999999991,0.7901529635308217,0.20984703646917835,0.0,0.20984703646917835,中 BMI
11.999999999999991,0.7939693129090288,0.20603068709097117,0.0,0.20603068709097117,中 BMI
12.099999999999993,0.7976808099665716,0.20231919003342835,0.006249999999999534,0.2085691900334279,中 BMI
12.199999999999992,0.801283189589024,0.198716810410976,0.012499999999999512,0.2112168104109755,中 BMI
12.299999999999992,0.80477245583035,0.19522754416965005,0.01874999999999949,0.21397754416964954,中 BMI
12.399999999999991,0.8081448669584365,0.19185513304156354,0.024999999999999467,0.216855133041563,中 BMI
12.499999999999991,0.8113969188130585,0.18860308118694147,0.031249999999999445,0.2198530811869409,中 BMI
12.59999999999999,0.8145253265636935,0.18547467343630653,0.03749999999999942,0.22297467343630595,中 BMI
12.69999999999999,0.8175270049567501,0.18247299504324987,0.0437499999999994,0.22622299504324928,中 BMI
12.79999999999999,0.8203990471418416,0.17960095285815836,0.04999999999999938,0.22960095285815774,中 BMI
12.89999999999999,0.8231387021647347,0.17686129783526527,0.056249999999999356,0.23311129783526463,中 BMI
12.99999999999999,0.8257433512107003,0.1742566487892997,0.062499999999999334,0.23675664878929903,中 BMI
13.099999999999987,0.8282104826762884,0.17178951732371162,0.0687499999999992,0.24053951732371082,中 BMI
13.199999999999989,0.8305376661402214,0.1694623338597786,0.07499999999999929,0.2444623338597779,中 BMI
13.299999999999988,0.8327225252953461,0.16727747470465393,0.08124999999999927,0.2485274747046532,中 BMI
13.399999999999988,0.8347627098935938,0.1652372901064062,0.08749999999999925,0.25273729010640544,中 BMI
13.499999999999988,0.836655866744923,0.16334413325507702,0.09374999999999922,0.25709413325507624,中 BMI
13.599999999999987,0.838399609799479,0.16160039020052097,0.0999999999999992,0.26160039020052017,中 BMI
13.699999999999989,0.8399914893299861,0.16000851067001387,0.10624999999999929,0.26625851067001316,中 BMI
13.799999999999986,0.8414289602189358,0.15857103978106424,0.11249999999999916,0.2710710397810634,中 BMI
13.899999999999986,0.8427093493427794,0.1572906506572206,0.11874999999999913,0.2760406506572197,中 BMI
13.999999999999986,0.8438298220333555,0.15617017796664445,0.12499999999999911,0.28117017796664356,中 BMI
14.099999999999984,0.8447873475855318,0.15521265241446824,0.13124999999999898,0.2864626524144672,中 BMI
14.199999999999983,0.8455786637699039,0.15442133623009613,0.13749999999999896,0.2919213362300951,中 BMI
14.299999999999985,0.8462002403007297,0.1537997596992703,0.14374999999999905,0.29754975969926933,中 BMI
14.399999999999984,0.8466482412025915,0.15335175879740848,0.14999999999999902,0.3033517587974075,中 BMI
14.499999999999984,0.8469184860150174,0.1530815139849826,0.156249999999999,0.3093315139849816,中 BMI
14.599999999999984,0.8470071523785446,0.15299284762145537,0.16249999999999898,0.31549284762145435,中 BMI
14.699999999999983,0.8469194209338001,0.15308057906619987,0.16874999999999896,0.32183057906619883,中 BMI
14.799999999999985,0.8466665448526287,0.1533334551473713,0.17499999999999905,0.32833345514737033,中 BMI
14.899999999999984,0.8462595762555575,0.15374042374444252,0.18124999999999902,0.33499042374444155,中 BMI
14.999999999999982,0.8457093205487677,0.15429067945123232,0.1874999999999989,0.3417906794512312,中 BMI
15.099999999999982,0.845026412173772,0.15497358782622805,0.19374999999999887,0.3487235878262269,中 BMI
15.199999999999982,0.8442213844373254,0.15577861556267458,0.19999999999999885,0.35577861556267343,中 BMI
15.29999999999998,0.8433047334571822,0.15669526654281785,0.2062499999999987,0.36294526654281656,中 BMI
15.39999999999998,0.842286976243126,0.15771302375687402,0.2124999999999988,0.3702130237568728,中 BMI
15.49999999999998,0.8411787029169743,0.15882129708302573,0.21874999999999878,0.3775712970830245,中 BMI
15.59999999999998,0.8399906230613594,0.1600093769386406,0.22499999999999876,0.38500937693863935,中 BMI
15.69999999999998,0.8387336061760096,0.16126639382399044,0.23124999999999873,0.3925163938239892,中 BMI
15.79999999999998,0.8374187162126014,0.16258128378739856,0.2374999999999987,0.40008128378739727,中 BMI
15.89999999999998,0.8360572401553608,0.16394275984463924,0.2437499999999988,0.40769275984463804,中 BMI
15.99999999999998,0.8346607106144391,0.16533928938556086,0.24999999999999878,0.41533928938555964,中 BMI
16.09999999999998,0.8332409224024984,0.16675907759750164,0.25624999999999876,0.4230090775975004,中 BMI
16.199999999999978,0.8318099430713909,0.1681900569286091,0.2624999999999986,0.43069005692860773,中 BMI
16.299999999999976,0.8303801173947283,0.16961988260527172,0.2687499999999985,0.4383698826052702,中 BMI
16.399999999999977,0.8289640657926565,0.17103593420734353,0.2749999999999986,0.4460359342073421,中 BMI
16.49999999999998,0.8275746767064203,0.17242532329357974,0.28124999999999867,0.4536753232935784,中 BMI
16.599999999999977,0.826225092941303,0.17377490705869703,0.28749999999999853,0.46127490705869556,中 BMI
16.699999999999974,0.8249286920063081,0.17507130799369186,0.2937499999999984,0.46882130799369026,中 BMI
16.799999999999976,0.8236990604865048,0.17630093951349524,0.2999999999999985,0.4763009395134937,中 BMI
16.899999999999977,0.8225499624884678,0.1774500375115322,0.3062499999999986,0.4837000375115308,中 BMI
16.999999999999975,0.8214953021999267,0.17850469780007328,0.31249999999999845,0.4910046978000717,中 BMI
17.099999999999973,0.8205490806010998,0.17945091939890023,0.3187499999999983,0.49820091939889855,中 BMI
17.199999999999974,0.8197253463569545,0.1802746536430455,0.3249999999999984,0.5052746536430439,中 BMI
17.299999999999976,0.8190381409068557,0.18096185909314433,0.3312499999999985,0.5122118590931428,中 BMI
17.399999999999974,0.8185014377511483,0.18149856224885175,0.33749999999999836,0.5189985622488501,中 BMI
17.49999999999997,0.8181290759140689,0.18187092408593108,0.3437499999999982,0.5256209240859293,中 BMI
17.599999999999973,0.8179346875402631,0.1820653124597369,0.3499999999999983,0.5320653124597352,中 BMI
17.699999999999974,0.8179316195600226,0.18206838043997742,0.3562499999999984,0.5383183804399758,中 BMI
17.799999999999972,0.8181328493385358,0.1818671506614642,0.36249999999999827,0.5443671506614625,中 BMI
17.89999999999997,0.8185508942100203,0.18144910578997975,0.36874999999999813,0.5501991057899779,中 BMI
17.99999999999997,0.819197714792202,0.18080228520779795,0.3749999999999982,0.5558022852077962,中 BMI
18.099999999999973,0.820084611984562,0.17991538801543805,0.3812499999999983,0.5611653880154364,中 BMI
18.19999999999997,0.8212214684216494,0.17877853157835055,0.3874999999999982,0.5662785315783487,中 BMI
18.29999999999997,0.8226064460339637,0.1773935539660363,0.39374999999999805,0.5711435539660343,中 BMI
18.39999999999997,0.8242280324435652,0.17577196755643476,0.39999999999999813,0.5757719675564329,中 BMI
18.49999999999997,0.8260739544599337,0.1739260455400663,0.4062499999999982,0.5801760455400645,中 BMI
18.59999999999997,0.8281315229823882,0.17186847701761176,0.4124999999999981,0.5843684770176099,中 BMI
18.699999999999967,0.830387701364214,0.16961229863578597,0.41874999999999796,0.5883622986357839,中 BMI
18.79999999999997,0.8328291723866226,0.16717082761337743,0.42499999999999805,0.5921708276133755,中 BMI
18.89999999999997,0.8354424039553997,0.1645575960446003,0.43124999999999813,0.5958075960445984,中 BMI
18.999999999999968,0.8382137135789766,0.16178628642102344,0.437499999999998,0.5992862864210214,中 BMI
19.09999999999997,0.8411293316304524,0.15887066836954755,0.4437499999999981,0.6026206683695456,中 BMI
19.199999999999967,0.8441754633400329,0.1558245366599671,0.44999999999999796,0.605824536659965,中 BMI
19.29999999999997,0.8473383494103782,0.15266165058962178,0.45624999999999805,0.6089116505896198,中 BMI
19.399999999999967,0.8506043250972896,0.14939567490271044,0.4624999999999979,0.6118956749027084,中 BMI
19.499999999999964,0.8539598775535435,0.14604012244645648,0.4687499999999978,0.6147901224464543,中 BMI
19.59999999999997,0.8573917011958303,0.1426082988041697,0.4749999999999981,0.6176082988041678,中 BMI
19.699999999999967,0.86088675082474,0.13911324917526002,0.48124999999999796,0.620363249175258,中 BMI
19.799999999999965,0.8644322922063752,0.13556770779362481,0.4874999999999978,0.6230677077936226,中 BMI
19.899999999999963,0.8680159498119681,0.13198405018803194,0.4937499999999977,0.6257340501880296,中 BMI
19.999999999999964,0.8716257514091392,0.12837424859086077,0.4999999999999978,0.6283742485908586,中 BMI
20.09999999999997,0.8752501692051181,0.12474983079488189,0.5062499999999981,0.63099983079488,中 BMI
20.199999999999964,0.8788781572580783,0.12112184274192173,0.5124999999999977,0.6336218427419195,中 BMI
20.29999999999996,0.8824991848972072,0.11750081510279275,0.5187499999999976,0.6362508151027904,中 BMI
20.399999999999963,0.886103265924446,0.11389673407555401,0.5249999999999977,0.6388967340755517,中 BMI
20.499999999999964,0.8896809834100617,0.11031901658993826,0.5312499999999978,0.641569016589936,中 BMI
20.59999999999996,0.8932235099391731,0.1067764900608269,0.5374999999999974,0.6442764900608243,中 BMI
20.69999999999996,0.8967226232157938,0.10327737678420623,0.5437499999999975,0.6470273767842037,中 BMI
20.79999999999996,0.9001707169834967,0.09982928301650329,0.5499999999999976,0.6498292830165009,中 BMI
20.899999999999963,0.9035608072760132,0.09643919272398682,0.5562499999999977,0.6526891927239845,中 BMI
20.99999999999996,0.9068865340655374,0.09311346593446257,0.5624999999999976,0.6556134659344601,中 BMI
21.09999999999996,0.9101421584298046,0.08985784157019538,0.5687499999999974,0.6586078415701928,中 BMI
21.19999999999996,0.9133225554098348,0.08667744459016524,0.5749999999999975,0.6616774445901628,中 BMI
21.29999999999996,0.9164232027773958,0.08357679722260425,0.5812499999999976,0.6648267972226019,中 BMI
21.39999999999996,0.9194401659736489,0.08055983402635114,0.5874999999999975,0.6680598340263486,中 BMI
21.49999999999996,0.9223700795172449,0.07762992048275508,0.5937499999999976,0.6713799204827526,中 BMI
21.59999999999996,0.9252101252106325,0.0747898747893675,0.5999999999999974,0.6747898747893649,中 BMI
21.69999999999996,0.9279580074970241,0.07204199250297594,0.6062499999999975,0.6782919925029735,中 BMI
21.79999999999996,0.9306119263370694,0.06938807366293065,0.6124999999999976,0.6818880736629283,中 BMI
21.89999999999996,0.9331705482392852,0.06682945176071475,0.6187499999999975,0.6855794517607122,中 BMI
21.99999999999996,0.9356338111928864,0.06436618880711364,0.6249999999999976,0.6893661888071112,中 BMI
22.09999999999996,0.9380045797547965,0.06199542024520355,0.6312499999999974,0.693245420245201,中 BMI
22.19999999999996,0.9402861984838754,0.0597138015161246,0.6374999999999975,0.6972138015161221,中 BMI
22.299999999999955,0.9424819137704421,0.057518086229557897,0.6437499999999972,0.701268086229555,中 BMI
22.39999999999996,0.9445948744613789,0.05540512553862109,0.6499999999999975,0.7054051255386186,中 BMI
22.49999999999996,0.9466281327182496,0.05337186728175036,0.6562499999999976,0.7096218672817479,中 BMI
22.599999999999955,0.9485846450827176,0.05141535491728244,0.6624999999999972,0.7139153549172796,中 BMI
22.699999999999957,0.9504672737252529,0.04953272627474714,0.6687499999999973,0.7182827262747444,中 BMI
22.799999999999955,0.9522787878547903,0.047721212145209746,0.6749999999999972,0.7227212121452069,中 BMI
22.89999999999996,0.9540218652685851,0.04597813473141488,0.6812499999999975,0.7272281347314123,中 BMI
22.999999999999957,0.9556990940230599,0.04430090597694014,0.6874999999999973,0.7318009059769375,中 BMI
23.09999999999995,0.9573129742078935,0.04268702579210648,0.693749999999997,0.7364370257921035,中 BMI
23.199999999999957,0.958865919807014,0.04113408019298603,0.6999999999999973,0.7411340801929833,中 BMI
23.299999999999955,0.9603602606314785,0.0396397393685215,0.7062499999999972,0.7458897393685187,中 BMI
23.399999999999952,0.9617982443104918,0.03820175568950823,0.712499999999997,0.7507017556895053,中 BMI
23.49999999999995,0.9631820383280063,0.03681796167199369,0.7187499999999969,0.7555679616719906,中 BMI
23.59999999999995,0.9645137320934658,0.0354862679065342,0.724999999999997,0.7604862679065312,中 BMI
23.699999999999957,0.9657953390363175,0.034204660963682465,0.7312499999999973,0.7654546609636798,中 BMI
23.79999999999995,0.967028798714904,0.03297120128509601,0.7374999999999969,0.7704712012850929,中 BMI
23.89999999999995,0.9682159789312756,0.031784021068724355,0.7437499999999968,0.7755340210687212,中 BMI
23.99999999999995,0.9693586778443279,0.030641322155672057,0.7499999999999969,0.780641322155669,中 BMI
24.09999999999995,0.970458626074473,0.029541373925527026,0.756249999999997,0.785791373925524,中 BMI
24.19999999999995,0.9715174887938047,0.02848251120619527,0.7624999999999968,0.7909825112061921,中 BMI
24.299999999999947,0.97253686779641,0.02746313220358998,0.7687499999999967,0.7962131322035867,中 BMI
24.39999999999995,0.9735183035441162,0.02648169645588383,0.7749999999999968,0.8014816964558806,中 BMI
24.49999999999995,0.9744632771835618,0.02553672281643815,0.7812499999999969,0.806786722816435,中 BMI
24.599999999999948,0.9753732125310206,0.024626787468979394,0.7874999999999968,0.8121267874689762,中 BMI
24.699999999999942,0.9762494780219046,0.02375052197809535,0.7937499999999964,0.8175005219780918,中 BMI
24.799999999999947,0.9770933886223384,0.02290661137766159,0.7999999999999967,0.8229066113776583,中 BMI
24.89999999999995,0.9779062077006049,0.02209379229939512,0.8062499999999968,0.8283437922993919,中 BMI
24.999999999999947,0.9786891488566585,0.021310851143341525,0.8124999999999967,0.8338108511433382,中 BMI
10.0,0.5087147525435803,0.49128524745641966,0.0,0.49128524745641966,高 BMI
10.1,0.5143379804161197,0.48566201958388033,0.0,0.48566201958388033,高 BMI
10.2,0.5199583366937085,0.4800416633062915,0.0,0.4800416633062915,高 BMI
10.3,0.5255746824065924,0.47442531759340756,0.0,0.47442531759340756,高 BMI
10.4,0.5311858810572708,0.4688141189427292,0.0,0.4688141189427292,高 BMI
10.499999999999998,0.5367907993267887,0.46320920067321125,0.0,0.46320920067321125,高 BMI
10.599999999999998,0.5423883077776979,0.45761169222230214,0.0,0.45761169222230214,高 BMI
10.699999999999998,0.5479772815529437,0.4520227184470563,0.0,0.4520227184470563,高 BMI
10.799999999999995,0.5535566010699463,0.4464433989300537,0.0,0.4464433989300537,高 BMI
10.899999999999997,0.5591251527091469,0.44087484729085313,0.0,0.44087484729085313,高 BMI
10.999999999999996,0.5646818294962975,0.4353181705037025,0.0,0.4353181705037025,高 BMI
11.099999999999996,0.5702241056329657,0.42977589436703434,0.0,0.42977589436703434,高 BMI
11.199999999999996,0.5757437888047493,0.4242562111952507,0.0,0.4242562111952507,高 BMI
11.299999999999995,0.5812313592188314,0.4187686407811686,0.0,0.4187686407811686,高 BMI
11.399999999999997,0.5866774188960203,0.4133225811039797,0.0,0.4133225811039797,高 BMI
11.499999999999996,0.59207270714879,0.40792729285121,0.0,0.40792729285121,高 BMI
11.599999999999994,0.5974081148763135,0.4025918851236865,0.0,0.4025918851236865,高 BMI
11.699999999999994,0.6026746974929765,0.39732530250702347,0.0,0.39732530250702347,高 BMI
11.799999999999994,0.6078636863216119,0.3921363136783881,0.0,0.3921363136783881,高 BMI
11.899999999999991,0.6129664982990105,0.3870335017009895,0.0,0.3870335017009895,高 BMI
11.999999999999991,0.6179747438588785,0.3820252561411215,0.0,0.3820252561411215,高 BMI
12.099999999999993,0.6228802328759994,0.37711976712400064,0.006249999999999534,0.38336976712400017,高 BMI
12.199999999999992,0.6276749785746228,0.37232502142537716,0.012499999999999512,0.38482502142537667,高 BMI
12.299999999999992,0.6323511993237244,0.3676488006762756,0.01874999999999949,0.3863988006762751,高 BMI
12.399999999999991,0.636901318261466,0.363098681738534,0.024999999999999467,0.38809868173853346,高 BMI
12.499999999999991,0.6413179607106506,0.3586820392893494,0.031249999999999445,0.38993203928934883,高 BMI
12.59999999999999,0.6455939493659489,0.35440605063405106,0.03749999999999942,0.3919060506340505,高 BMI
12.69999999999999,0.6497222972519553,0.3502777027480447,0.0437499999999994,0.3940277027480441,高 BMI
12.79999999999999,0.653696198468506,0.346303801531494,0.04999999999999938,0.39630380153149336,高 BMI
12.89999999999999,0.6575090167560227,0.3424909832439773,0.056249999999999356,0.39874098324397667,高 BMI
12.99999999999999,0.661154271928819,0.33884572807118096,0.062499999999999334,0.4013457280711803,高 BMI
13.099999999999987,0.6646256242382687,0.33537437576173135,0.0687499999999992,0.40412437576173055,高 BMI
13.199999999999989,0.6679168567404755,0.3320831432595245,0.07499999999999929,0.40708314325952377,高 BMI
13.299999999999988,0.671021855754661,0.328978144245339,0.08124999999999927,0.41022814424533827,高 BMI
13.399999999999988,0.6739345895089776,0.32606541049102244,0.08749999999999925,0.4135654104910217,高 BMI
13.499999999999988,0.6766490850800384,0.3233509149199616,0.09374999999999922,0.4171009149199608,高 BMI
13.599999999999987,0.6791594037413214,0.32084059625867856,0.0999999999999992,0.42084059625867776,高 BMI
13.699999999999989,0.6814596148440115,0.3185403851559885,0.10624999999999929,0.42479038515598777,高 BMI
13.799999999999986,0.6835437683621254,0.3164562316378746,0.11249999999999916,0.4289562316378738,高 BMI
13.899999999999986,0.6854058662422543,0.3145941337577457,0.11874999999999913,0.43334413375774483,高 BMI
13.999999999999986,0.6870398327073933,0.3129601672926067,0.12499999999999911,0.4379601672926058,高 BMI
14.099999999999984,0.6884394836745599,0.31156051632544013,0.13124999999999898,0.4428105163254391,高 BMI
14.199999999999983,0.6895984954577515,0.31040150454224846,0.13749999999999896,0.4479015045422474,高 BMI
14.299999999999985,0.6905103729418066,0.3094896270581934,0.14374999999999905,0.45323962705819243,高 BMI
14.399999999999984,0.6911684174295263,0.3088315825704737,0.14999999999999902,0.45883158257047274,高 BMI
14.499999999999984,0.6915656943846278,0.3084343056153722,0.156249999999999,0.4646843056153712,高 BMI
14.599999999999984,0.6916960935576727,0.3083039064423273,0.16249999999999898,0.4708039064423263,高 BMI
14.699999999999983,0.691567069204568,0.308432930795432,0.16874999999999896,0.47718293079543095,高 BMI
14.799999999999985,0.6911953171309256,0.30880468286907437,0.17499999999999905,0.4838046828690734,高 BMI
14.899999999999984,0.6905974893291781,0.3094025106708219,0.18124999999999902,0.49065251067082094,高 BMI
14.999999999999982,0.6897900660373475,0.3102099339626525,0.1874999999999989,0.4977099339626514,高 BMI
15.099999999999982,0.688789411333075,0.31121058866692497,0.19374999999999887,0.5049605886669238,高 BMI
15.199999999999982,0.6876118245102156,0.31238817548978437,0.19999999999999885,0.5123881754897832,高 BMI
15.29999999999998,0.6862735869024764,0.3137264130975236,0.2062499999999987,0.5199764130975223,高 BMI
15.39999999999998,0.6847910039059917,0.3152089960940083,0.2124999999999988,0.5277089960940071,高 BMI
15.49999999999998,0.6831804420315565,0.3168195579684435,0.21874999999999878,0.5355695579684423,高 BMI
15.59999999999998,0.6814583608889212,0.3185416391110788,0.22499999999999876,0.5435416391110776,高 BMI
15.69999999999998,0.6796413400710047,0.32035865992899526,0.23124999999999873,0.551608659928994,高 BMI
15.79999999999998,0.6777461009656922,0.3222538990343078,0.2374999999999987,0.5597538990343065,高 BMI
15.89999999999998,0.6757895235772203,0.32421047642277967,0.2437499999999988,0.5679604764227785,高 BMI
15.99999999999998,0.6737886584879141,0.32621134151208586,0.24999999999999878,0.5762113415120846,高 BMI
16.09999999999998,0.6717607341338526,0.3282392658661474,0.25624999999999876,0.5844892658661461,高 BMI
16.199999999999978,0.6697231596043401,0.33027684039565985,0.2624999999999986,0.5927768403956585,高 BMI
16.299999999999976,0.6676935232041167,0.3323064767958833,0.2687499999999985,0.6010564767958818,高 BMI
16.399999999999977,0.6656895870382576,0.33431041296174235,0.2749999999999986,0.6093104129617409,高 BMI
16.49999999999998,0.6637292778918155,0.33627072210818454,0.28124999999999867,0.6175207221081832,高 BMI
16.599999999999977,0.6618306746785946,0.3381693253214054,0.28749999999999853,0.625669325321404,高 BMI
16.699999999999974,0.6600119927252276,0.3399880072747724,0.2937499999999984,0.6337380072747708,高 BMI
16.799999999999976,0.6582915651371922,0.3417084348628078,0.2999999999999985,0.6417084348628063,高 BMI
16.899999999999977,0.6566878214619949,0.3433121785380051,0.3062499999999986,0.6495621785380037,高 BMI
16.999999999999975,0.6552192638209948,0.3447807361790052,0.31249999999999845,0.6572807361790036,高 BMI
17.099999999999973,0.6539044406249769,0.3460955593750231,0.3187499999999983,0.6648455593750214,高 BMI
17.199999999999974,0.6527619179195439,0.34723808208045615,0.3249999999999984,0.6722380820804545,高 BMI
17.299999999999976,0.6518102483248499,0.3481897516751501,0.3312499999999985,0.6794397516751486,高 BMI
17.399999999999974,0.6510679374405164,0.3489320625594836,0.33749999999999836,0.686432062559482,高 BMI
17.49999999999997,0.6505534074814698,0.34944659251853016,0.3437499999999982,0.6931965925185284,高 BMI
17.599999999999973,0.6502849577948481,0.3497150422051519,0.3499999999999983,0.6997150422051502,高 BMI
17.699999999999974,0.6502807217833783,0.34971927821662174,0.3562499999999984,0.7059692782166201,高 BMI
17.799999999999972,0.6505586196284222,0.3494413803715778,0.36249999999999827,0.7119413803715761,高 BMI
17.89999999999997,0.6511363060683591,0.34886369393164085,0.36874999999999813,0.717613693931639,高 BMI
17.99999999999997,0.6520311123478469,0.34796888765215306,0.3749999999999982,0.7229688876521513,高 BMI
18.099999999999973,0.6532599813140818,0.3467400186859182,0.3812499999999983,0.7279900186859165,高 BMI
18.19999999999997,0.6548384920893481,0.3451615079106519,0.3874999999999982,0.7326615079106501,高 BMI
18.29999999999997,0.6567665629305064,0.3432334370694936,0.39374999999999805,0.7369834370694917,高 BMI
18.39999999999997,0.659031126362018,0.340968873637982,0.39999999999999813,0.7409688736379801,高 BMI
18.49999999999997,0.6616183902946827,0.3383816097053173,0.4062499999999982,0.7446316097053155,高 BMI
18.59999999999997,0.6645142423678897,0.3354857576321103,0.4124999999999981,0.7479857576321084,高 BMI
18.699999999999967,0.6677042721394884,0.33229572786051165,0.41874999999999796,0.7510457278605096,高 BMI
18.79999999999997,0.6711737932356296,0.32882620676437035,0.42499999999999805,0.7538262067643684,高 BMI
18.89999999999997,0.6749078661139646,0.3250921338860354,0.43124999999999813,0.7563421338860336,高 BMI
18.999999999999968,0.678891321996589,0.32110867800341103,0.437499999999998,0.758608678003409,高 BMI
19.09999999999997,0.683108788430458,0.31689121156954203,0.4437499999999981,0.7606412115695401,高 BMI
19.199999999999967,0.6875447168335964,0.3124552831664036,0.44999999999999796,0.7624552831664015,高 BMI
19.29999999999997,0.6921834122862535,0.30781658771374654,0.45624999999999805,0.7640665877137446,高 BMI
19.399999999999967,0.6970090657281668,0.3029909342718332,0.4624999999999979,0.7654909342718311,高 BMI
19.499999999999964,0.7020057886273546,0.29799421137264537,0.4687499999999978,0.7667442113726431,高 BMI
19.59999999999997,0.7071576500934128,0.2928423499065872,0.4749999999999981,0.7678423499065853,高 BMI
19.699999999999967,0.712448716320281,0.28755128367971905,0.48124999999999796,0.768801283679717,高 BMI
19.799999999999965,0.7178630921609787,0.28213690783902134,0.4874999999999978,0.7696369078390192,高 BMI
19.899999999999963,0.723384964561031,0.27661503543896904,0.4937499999999977,0.7703650354389667,高 BMI
19.999999999999964,0.7289986475092762,0.27100135249072377,0.4999999999999978,0.7710013524907215,高 BMI
20.09999999999997,0.7346886281055082,0.26531137189449183,0.5062499999999981,0.7715613718944899,高 BMI
20.199999999999964,0.7404396132948311,0.2595603867051689,0.5124999999999977,0.7720603867051666,高 BMI
20.29999999999996,0.7462365767794698,0.25376342322053025,0.5187499999999976,0.7725134232205279,高 BMI
20.399999999999963,0.7520648055906539,0.24793519440934608,0.5249999999999977,0.7729351944093438,高 BMI
20.499999999999964,0.7579099457864729,0.24209005421352714,0.5312499999999978,0.7733400542135249,高 BMI
20.59999999999996,0.7637580467364103,0.23624195326358965,0.5374999999999974,0.7737419532635871,高 BMI
20.69999999999996,0.7695956034595178,0.23040439654048217,0.5437499999999975,0.7741543965404797,高 BMI
20.79999999999996,0.7754095965005562,0.2245904034994438,0.5499999999999976,0.7745904034994414,高 BMI
20.899999999999963,0.7811875288562805,0.2188124711437195,0.5562499999999977,0.7750624711437172,高 BMI
20.99999999999996,0.7869174595015873,0.2130825404984127,0.5624999999999976,0.7755825404984102,高 BMI
21.09999999999996,0.7925880331113758,0.20741196688862418,0.5687499999999974,0.7761619668886216,高 BMI
21.19999999999996,0.7981885056274907,0.20181149437250934,0.5749999999999975,0.7768114943725068,高 BMI
21.29999999999996,0.8037087653795861,0.19629123462041387,0.5812499999999976,0.7775412346204115,高 BMI
21.39999999999996,0.8091393495326614,0.19086065046733858,0.5874999999999975,0.778360650467336,高 BMI
21.49999999999996,0.8144714557007653,0.1855285442992347,0.5937499999999976,0.7792785442992323,高 BMI
21.59999999999996,0.8196969486343216,0.18030305136567837,0.5999999999999974,0.7803030513656758,高 BMI
21.69999999999996,0.8248083619560859,0.17519163804391413,0.6062499999999975,0.7814416380439116,高 BMI
21.79999999999996,0.8297988949863476,0.17020110501365238,0.6124999999999976,0.78270110501365,高 BMI
21.89999999999996,0.8346624052486561,0.1653375947513439,0.6187499999999975,0.7840875947513414,高 BMI
21.99999999999996,0.8393950104239284,0.1606049895760716,0.6249999999999976,0.7856049895760692,高 BMI
22.09999999999996,0.8439984506765527,0.15600154932344734,0.6312499999999974,0.7872515493234448,高 BMI
22.19999999999996,0.8484755652406366,0.1515244347593634,0.6374999999999975,0.7890244347593609,高 BMI
22.299999999999955,0.8528291926590831,0.14717080734091692,0.6437499999999972,0.7909208073409141,高 BMI
22.39999999999996,0.8570621652955456,0.14293783470445443,0.6499999999999975,0.7929378347044519,高 BMI
22.49999999999996,0.8611773042742503,0.13882269572574968,0.6562499999999976,0.7950726957257472,高 BMI
22.599999999999955,0.8651774148297963,0.13482258517020373,0.6624999999999972,0.7973225851702009,高 BMI
22.699999999999957,0.8690652820488441,0.13093471795115585,0.6687499999999973,0.7996847179511531,高 BMI
22.799999999999955,0.872843666985527,0.12715633301447304,0.6749999999999972,0.8021563330144702,高 BMI
22.89999999999996,0.8765153031324483,0.1234846968675517,0.6812499999999975,0.8047346968675492,高 BMI
22.999999999999957,0.8800828932292636,0.11991710677073641,0.6874999999999973,0.8074171067707338,高 BMI
23.09999999999995,0.8835491063910571,0.1164508936089429,0.693749999999997,0.8102008936089399,高 BMI
23.199999999999957,0.8869165755390124,0.11308342446098762,0.6999999999999973,0.8130834244609849,高 BMI
23.299999999999955,0.8901878951162326,0.10981210488376736,0.7062499999999972,0.8160621048837645,高 BMI
23.399999999999952,0.8933656190719733,0.10663438092802668,0.712499999999997,0.8191343809280237,高 BMI
23.49999999999995,0.8964522590980023,0.1035477409019977,0.7187499999999969,0.8222977409019946,高 BMI
23.59999999999995,0.8994502831012955,0.10054971689870451,0.724999999999997,0.8255497168987015,高 BMI
23.699999999999957,0.9023621138977945,0.09763788610220547,0.7312499999999973,0.8288878861022028,高 BMI
23.79999999999995,0.9051901281125055,0.09480987188749446,0.7374999999999969,0.8323098718874914,高 BMI
23.89999999999995,0.9079366552717696,0.09206334472823041,0.7437499999999968,0.8358133447282272,高 BMI
23.99999999999995,0.9106039770741203,0.08939602292587967,0.7499999999999969,0.8393960229258766,高 BMI
24.09999999999995,0.9131943268267201,0.08680567317327992,0.756249999999997,0.8430556731732769,高 BMI
24.19999999999995,0.9157098890349545,0.08429011096504546,0.7624999999999968,0.8467901109650423,高 BMI
24.299999999999947,0.9181527991333494,0.08184720086665065,0.7687499999999967,0.8505972008666474,高 BMI
24.39999999999995,0.9205251433465512,0.07947485665344878,0.7749999999999968,0.8544748566534456,高 BMI
24.49999999999995,0.9228289586696913,0.07717104133030872,0.7812499999999969,0.8584210413303056,高 BMI
24.599999999999948,0.9250662329580132,0.07493376704198684,0.7874999999999968,0.8624337670419836,高 BMI
24.699999999999942,0.9272389051161983,0.07276109488380167,0.7937499999999964,0.8665110948837981,高 BMI
24.799999999999947,0.9293488653783641,0.07065113462163586,0.7999999999999967,0.8706511346216326,高 BMI
24.89999999999995,0.9313979556702301,0.0686020443297699,0.8062499999999968,0.8748520443297667,高 BMI
24.999999999999947,0.9333879700454607,0.0666120299545393,0.8124999999999967,0.879112029954536,高 BMI
