fold,model,scenario,k,status,train_expected_risk,heldout_expected_risk,heldout_subjects,heldout_outside_bmi_range,cutpoints,weeks,counts
1,q2,step_only,1,model_dependent,0.1551576617472704,0.15612151559329643,54,1,[],[25.0],[213]
1,q2,step_only,3,model_dependent,0.1551576617472704,0.15612151559329643,54,1,"[29.172108809999997, 30.456294565]","[25.0, 25.0, 25.0]","[35, 43, 135]"
1,q2,step_only,4,model_dependent,0.1551576617472704,0.15612151559329643,54,1,"[29.172108809999997, 30.456294565, 33.1279444036214]","[25.0, 25.0, 25.0, 25.0]","[35, 43, 74, 61]"
1,q2,low_delay,1,model_dependent,0.2018235856934053,0.20313621870828602,54,1,[],[12.857142857142858],[213]
1,q2,low_delay,3,model_dependent,0.19906679851571896,0.19944707108263932,54,1,"[28.9759443680863, 34.6456217064828]","[12.857142857142858, 12.857142857142858, 25.0]","[25, 159, 29]"
1,q2,low_delay,4,model_dependent,0.19906679851571896,0.19944707108263932,54,1,"[28.9759443680863, 29.749820315464298, 34.6456217064828]","[12.857142857142858, 12.857142857142858, 12.857142857142858, 25.0]","[25, 25, 134, 29]"
1,q2,medium_delay,1,model_dependent,0.2248062350432364,0.2260949508788664,54,1,[],[11.0],[213]
1,q2,medium_delay,3,model_dependent,0.22457918847083905,0.22581554866007483,54,1,"[29.32178088201715, 35.00033464]","[11.0, 11.0, 12.857142857142858]","[38, 150, 25]"
1,q2,medium_delay,4,model_dependent,0.22457918847083905,0.22581554866007483,54,1,"[29.43062944343895, 32.0931884444288, 35.00033464]","[11.0, 11.0, 11.0, 12.857142857142858]","[44, 81, 63, 25]"
1,q2,high_delay,1,model_dependent,0.2248062350432364,0.2260949508788664,54,1,[],[11.0],[213]
1,q2,high_delay,3,model_dependent,0.22480623504323638,0.2260949508788664,54,1,"[29.26591345677795, 30.4768398]","[11.0, 11.0, 11.0]","[37, 44, 132]"
1,q2,high_delay,4,model_dependent,0.22480623504323638,0.2260949508788664,54,1,"[29.26591345677795, 30.3017749204332, 32.93512720905445]","[11.0, 11.0, 11.0, 11.0]","[37, 34, 75, 67]"
1,q3_basic,step_only,1,model_dependent,0.15510387939655607,0.15543194263719126,54,1,[],[25.0],[213]
1,q3_basic,step_only,3,model_dependent,0.15510387939655604,0.15543194263719126,54,1,"[29.26591345677795, 30.75052001013085]","[25.0, 25.0, 25.0]","[37, 55, 121]"
1,q3_basic,step_only,4,model_dependent,0.15510387939655604,0.15543194263719126,54,1,"[29.26591345677795, 30.75052001013085, 33.38110521706205]","[25.0, 25.0, 25.0, 25.0]","[37, 55, 69, 52]"
1,q3_basic,low_delay,1,model_dependent,0.20203801589022902,0.20290056283840716,54,1,[],[12.857142857142858],[213]
1,q3_basic,low_delay,3,model_dependent,0.19900241761977808,0.19845677681980622,54,1,"[28.9759443680863, 35.00033464]","[12.857142857142858, 12.857142857142858, 25.0]","[25, 163, 25]"
1,q3_basic,low_delay,4,model_dependent,0.19900241761977805,0.19845677681980622,54,1,"[29.071831297786503, 30.483268680000002, 35.00033464]","[12.857142857142858, 12.857142857142858, 12.857142857142858, 25.0]","[30, 53, 105, 25]"
1,q3_basic,medium_delay,1,model_dependent,0.22512042948173466,0.22608276266100252,54,1,[],[11.0],[213]
1,q3_basic,medium_delay,3,model_dependent,0.2248499239816911,0.22564817014685246,54,1,"[29.37857702, 35.00033464]","[11.0, 11.0, 12.857142857142858]","[40, 148, 25]"
1,q3_basic,medium_delay,4,model_dependent,0.2248499239816911,0.22564817014685246,54,1,"[29.26591345677795, 31.7686576929447, 35.00033464]","[11.0, 11.0, 11.0, 12.857142857142858]","[37, 79, 72, 25]"
1,q3_basic,high_delay,1,model_dependent,0.22512042948173466,0.22608276266100252,54,1,[],[11.0],[213]
1,q3_basic,high_delay,3,model_dependent,0.22512042948173464,0.22608276266100252,54,1,"[29.26591345677795, 30.3483792711496]","[11.0, 11.0, 11.0]","[37, 35, 141]"
1,q3_basic,high_delay,4,model_dependent,0.22512042948173464,0.22608276266100252,54,1,"[29.26591345677795, 30.456294565, 33.0756697561724]","[11.0, 11.0, 11.0, 11.0]","[37, 41, 72, 63]"
1,q3_full,step_only,1,model_dependent,0.15508821319353303,0.1606830895435649,54,1,[],[25.0],[213]
1,q3_full,step_only,3,model_dependent,0.15508821319353297,0.1606830895435649,54,1,"[29.20491842677795, 30.761083097004153]","[25.0, 25.0, 25.0]","[36, 57, 120]"
1,q3_full,step_only,4,model_dependent,0.15508821319353297,0.1606830895435649,54,1,"[29.20491842677795, 30.75052001013085, 33.38110521706205]","[25.0, 25.0, 25.0, 25.0]","[36, 56, 69, 52]"
1,q3_full,low_delay,1,model_dependent,0.20129955455144943,0.21399434887449853,54,1,[],[12.857142857142858],[213]
1,q3_full,low_delay,3,model_dependent,0.19796385033358171,0.20495968126806824,54,1,"[28.9759443680863, 33.51725612668065]","[12.857142857142858, 12.857142857142858, 25.0]","[25, 140, 48]"
1,q3_full,low_delay,4,model_dependent,0.1979638503335817,0.20495968126806824,54,1,"[29.006466625, 30.435518495, 33.51725612668065]","[12.857142857142858, 12.857142857142858, 12.857142857142858, 25.0]","[27, 49, 89, 48]"
1,q3_full,medium_delay,1,model_dependent,0.22416632401670283,0.2379477357940788,54,1,[],[11.0],[213]
1,q3_full,medium_delay,3,model_dependent,0.22391137544882872,0.2372039338465465,54,1,"[33.3978292790151, 34.965401695]","[11.0, 11.142857142857142, 12.857142857142858]","[162, 25, 26]"
1,q3_full,medium_delay,4,model_dependent,0.22391137544882872,0.2372039338465465,54,1,"[29.26591345677795, 33.3978292790151, 34.965401695]","[11.0, 11.0, 11.142857142857142, 12.857142857142858]","[37, 125, 25, 26]"
1,q3_full,high_delay,1,model_dependent,0.22416632401670283,0.2379477357940788,54,1,[],[11.0],[213]
1,q3_full,high_delay,3,model_dependent,0.22416632401670283,0.2379477357940788,54,1,"[29.26591345677795, 30.3017749204332]","[11.0, 11.0, 11.0]","[37, 34, 142]"
1,q3_full,high_delay,4,model_dependent,0.2241663240167028,0.2379477357940788,54,1,"[29.32178088201715, 30.534848816629747, 33.3978292790151]","[11.0, 11.0, 11.0, 11.0]","[38, 47, 77, 51]"
2,q2,step_only,1,model_dependent,0.14566652305951303,0.14763425441047848,54,0,[],[25.0],[213]
2,q2,step_only,3,model_dependent,0.14566652305951303,0.14763425441047848,54,0,"[29.0780592777865, 31.145124715]","[25.0, 25.0, 25.0]","[32, 71, 110]"
2,q2,step_only,4,model_dependent,0.14566652305951303,0.14763425441047848,54,0,"[29.0780592777865, 30.68221255328655, 33.48942369335015]","[25.0, 25.0, 25.0, 25.0]","[32, 63, 69, 49]"
2,q2,low_delay,1,model_dependent,0.2094714273942637,0.21586521574690387,54,0,[],[12.857142857142858],[213]
2,q2,low_delay,3,model_dependent,0.1985323269175401,0.20305763681342645,54,0,"[28.9759443680863, 32.38715388355615]","[12.857142857142858, 12.857142857142858, 25.0]","[25, 108, 80]"
2,q2,low_delay,4,model_dependent,0.1985323269175401,0.20305763681342645,54,0,"[28.9759443680863, 29.66606058, 32.38715388355615]","[12.857142857142858, 12.857142857142858, 12.857142857142858, 25.0]","[25, 25, 83, 80]"
2,q2,medium_delay,1,model_dependent,0.23730479282657754,0.24375753369170886,54,0,[],[12.714285714285714],[213]
2,q2,medium_delay,3,model_dependent,0.23595058333078187,0.24265504167745797,54,0,"[30.267515586117298, 31.30462428941985]","[11.0, 11.857142857142858, 12.857142857142858]","[75, 34, 104]"
2,q2,medium_delay,4,model_dependent,0.2359446805761012,0.24264705204095904,54,0,"[29.99940893, 30.521331102512548, 31.59542261169325]","[11.0, 11.428571428571429, 12.142857142857142, 12.857142857142858]","[62, 27, 25, 99]"
2,q2,high_delay,1,model_dependent,0.23888773669648872,0.24603094973458764,54,0,[],[11.0],[213]
2,q2,high_delay,3,model_dependent,0.23888773669648872,0.24603094973458764,54,0,"[29.130029079670052, 29.89542649103325]","[11.0, 11.0, 11.0]","[34, 26, 153]"
2,q2,high_delay,4,model_dependent,0.2388877366964887,0.24603094973458764,54,0,"[29.426998765243248, 31.835775192944702, 33.20719191798945]","[11.0, 11.0, 11.0, 11.0]","[44, 77, 34, 58]"
2,q3_basic,step_only,1,model_dependent,0.14530210589360482,0.14525520297739825,54,0,[],[25.0],[213]
2,q3_basic,step_only,3,model_dependent,0.1453021058936048,0.14525520297739825,54,0,"[29.05951596, 29.80803022604035]","[25.0, 25.0, 25.0]","[31, 27, 155]"
2,q3_basic,step_only,4,model_dependent,0.1453021058936048,0.14525520297739825,54,0,"[29.172108809999997, 30.7981037518733, 33.51725612668065]","[25.0, 25.0, 25.0, 25.0]","[38, 60, 67, 48]"
2,q3_basic,low_delay,1,model_dependent,0.20979585417032898,0.21170199822019065,54,0,[],[12.857142857142858],[213]
2,q3_basic,low_delay,3,model_dependent,0.19831634765152556,0.20166616761868136,54,0,"[28.9759443680863, 31.835775192944702]","[12.857142857142858, 12.857142857142858, 25.0]","[25, 96, 92]"
2,q3_basic,low_delay,4,model_dependent,0.19831634765152556,0.20166616761868136,54,0,"[28.9759443680863, 30.2187791664552, 31.835775192944702]","[12.857142857142858, 12.857142857142858, 12.857142857142858, 25.0]","[25, 49, 47, 92]"
2,q3_basic,medium_delay,1,model_dependent,0.23765049979649494,0.23959404581578939,54,0,[],[12.714285714285714],[213]
2,q3_basic,medium_delay,3,model_dependent,0.2364103011789211,0.23868610474173618,54,0,"[29.37857702, 31.5045234250675]","[11.0, 11.714285714285714, 12.857142857142858]","[42, 71, 100]"
2,q3_basic,medium_delay,4,model_dependent,0.2364015742982401,0.2386591180465354,54,0,"[29.37857702, 30.102058579967398, 31.5045234250675]","[11.0, 11.428571428571429, 11.857142857142858, 12.857142857142858]","[42, 25, 46, 100]"
2,q3_basic,high_delay,1,model_dependent,0.2395148227820828,0.2419225977104617,54,0,[],[11.0],[213]
2,q3_basic,high_delay,3,model_dependent,0.23951482278208275,0.2419225977104617,54,0,"[29.130029079670052, 30.060693649999997]","[11.0, 11.0, 11.0]","[34, 31, 148]"
2,q3_basic,high_delay,4,model_dependent,0.23951482278208275,0.2419225977104617,54,0,"[29.130029079670052, 29.89542649103325, 30.7309928534174]","[11.0, 11.0, 11.0, 11.0]","[34, 26, 36, 117]"
2,q3_full,step_only,1,model_dependent,0.14542093409490894,0.14415521876804865,54,0,[],[25.0],[213]
2,q3_full,step_only,3,model_dependent,0.14542093409490894,0.14415521876804865,54,0,"[29.172108809999997, 30.90413263054825]","[25.0, 25.0, 25.0]","[38, 62, 113]"
2,q3_full,step_only,4,model_dependent,0.14542093409490894,0.14415521876804865,54,0,"[29.172108809999997, 30.7981037518733, 33.48942369335015]","[25.0, 25.0, 25.0, 25.0]","[38, 60, 66, 49]"
2,q3_full,low_delay,1,model_dependent,0.2095960811736456,0.209202167796448,54,0,[],[12.857142857142858],[213]
2,q3_full,low_delay,3,model_dependent,0.1974708787221027,0.20163145537131502,54,0,"[29.02116332289075, 33.411452741852145]","[12.857142857142858, 12.857142857142858, 25.0]","[28, 134, 51]"
2,q3_full,low_delay,4,model_dependent,0.19603812558652012,0.20196862323544032,54,0,"[31.5045234250675, 32.566909555448945, 33.51725612668065]","[12.857142857142858, 24.428571428571427, 12.857142857142858, 25.0]","[113, 27, 25, 48]"
2,q3_full,medium_delay,1,model_dependent,0.2374398002076842,0.2370779264014621,54,0,[],[12.714285714285714],[213]
2,q3_full,medium_delay,3,model_dependent,0.23618398958234485,0.23594538156584016,54,0,"[29.398260685, 31.5045234250675]","[11.0, 11.714285714285714, 12.857142857142858]","[43, 70, 100]"
2,q3_full,medium_delay,4,model_dependent,0.23612197092392503,0.2367159018294895,54,0,"[31.145124715, 32.566909555448945, 33.51725612668065]","[11.0, 12.857142857142858, 11.428571428571429, 12.857142857142858]","[103, 37, 25, 48]"
2,q3_full,high_delay,1,model_dependent,0.23915719784682224,0.23921547766980775,54,0,[],[11.0],[213]
2,q3_full,high_delay,3,model_dependent,0.23915719784682224,0.23921547766980775,54,0,"[29.130029079670052, 29.89542649103325]","[11.0, 11.0, 11.0]","[34, 26, 153]"
2,q3_full,high_delay,4,model_dependent,0.2391571978468222,0.23921547766980775,54,0,"[29.334636189999998, 30.456294565, 33.128525569527596]","[11.0, 11.0, 11.0, 11.0]","[41, 40, 72, 60]"
3,q2,step_only,1,model_dependent,0.15202761135005682,0.14726923908216394,53,0,[],[25.0],[214]
3,q2,step_only,3,model_dependent,0.15032530385799633,0.14600827111832557,53,0,"[29.55072956140705, 30.48501834]","[12.857142857142858, 25.0, 25.0]","[44, 41, 129]"
3,q2,step_only,4,model_dependent,0.15032530385799633,0.14600827111832557,53,0,"[29.55072956140705, 30.48501834, 32.5165379383577]","[12.857142857142858, 25.0, 25.0, 25.0]","[44, 41, 52, 77]"
3,q2,low_delay,1,model_dependent,0.18567330996738435,0.1758343468515767,53,0,[],[12.857142857142858],[214]
3,q2,low_delay,3,model_dependent,0.18256828412143933,0.17577945265420838,53,0,"[29.130029079670052, 34.930506245000004]","[12.857142857142858, 12.857142857142858, 25.0]","[30, 153, 31]"
3,q2,low_delay,4,model_dependent,0.18256828412143933,0.17577945265420838,53,0,"[28.95839341789075, 29.858344816033252, 34.930506245000004]","[12.857142857142858, 12.857142857142858, 12.857142857142858, 25.0]","[26, 30, 127, 31]"
3,q2,medium_delay,1,model_dependent,0.20586165275401555,0.1953522715160277,53,0,[],[11.0],[214]
3,q2,medium_delay,3,model_dependent,0.20566349745717163,0.19533396265236827,53,0,"[29.130029079670052, 35.5839735271325]","[11.0, 11.0, 12.857142857142858]","[30, 159, 25]"
3,q2,medium_delay,4,model_dependent,0.20566349745717163,0.19533396265236827,53,0,"[29.130029079670052, 30.2798105797449, 35.5839735271325]","[11.0, 11.0, 11.0, 12.857142857142858]","[30, 40, 119, 25]"
3,q2,high_delay,1,model_dependent,0.20586165275401555,0.1953522715160277,53,0,[],[11.0],[214]
3,q2,high_delay,3,model_dependent,0.20586165275401555,0.1953522715160277,53,0,"[29.130029079670052, 30.2798105797449]","[11.0, 11.0, 11.0]","[30, 40, 144]"
3,q2,high_delay,4,model_dependent,0.20586165275401555,0.1953522715160277,53,0,"[29.130029079670052, 30.2798105797449, 31.247618505]","[11.0, 11.0, 11.0, 11.0]","[30, 40, 33, 111]"
3,q3_basic,step_only,1,model_dependent,0.1514681140987774,0.14880221038749578,53,0,[],[25.0],[214]
3,q3_basic,step_only,3,model_dependent,0.14990837636332838,0.14831627265459268,53,0,"[29.35954207201715, 30.435518495]","[12.857142857142858, 25.0, 25.0]","[37, 40, 137]"
3,q3_basic,step_only,4,model_dependent,0.14973571799060625,0.1475158712321674,53,0,"[29.35954207201715, 30.2798105797449, 31.145124715]","[12.857142857142858, 24.857142857142858, 12.857142857142858, 25.0]","[37, 33, 28, 116]"
3,q3_basic,low_delay,1,model_dependent,0.18593445558107904,0.18101765688578925,53,0,[],[12.857142857142858],[214]
3,q3_basic,low_delay,3,model_dependent,0.18118680032263637,0.17961412419886952,53,0,"[28.95839341789075, 35.55795257478585]","[12.857142857142858, 12.857142857142858, 24.857142857142858]","[26, 162, 26]"
3,q3_basic,low_delay,4,model_dependent,0.18118680032263637,0.17961412419886952,53,0,"[29.09474287967005, 30.7981037518733, 35.55795257478585]","[12.857142857142858, 12.857142857142858, 12.857142857142858, 24.857142857142858]","[29, 64, 95, 26]"
3,q3_basic,medium_delay,1,model_dependent,0.20644874378614445,0.20124711332156087,53,0,[],[11.0],[214]
3,q3_basic,medium_delay,3,model_dependent,0.20599400982179103,0.2010916199707518,53,0,"[29.130029079670052, 35.55795257478585]","[11.0, 11.0, 12.857142857142858]","[30, 158, 26]"
3,q3_basic,medium_delay,4,model_dependent,0.20599400982179103,0.2010916199707518,53,0,"[29.130029079670052, 30.2798105797449, 35.55795257478585]","[11.0, 11.0, 11.0, 12.857142857142858]","[30, 40, 118, 26]"
3,q3_basic,high_delay,1,model_dependent,0.20644874378614445,0.20124711332156087,53,0,[],[11.0],[214]
3,q3_basic,high_delay,3,model_dependent,0.20644874378614445,0.20124711332156087,53,0,"[29.130029079670052, 30.2798105797449]","[11.0, 11.0, 11.0]","[30, 40, 144]"
3,q3_basic,high_delay,4,model_dependent,0.20644874378614445,0.20124711332156087,53,0,"[29.130029079670052, 30.2798105797449, 31.247618505]","[11.0, 11.0, 11.0, 11.0]","[30, 40, 33, 111]"
3,q3_full,step_only,1,model_dependent,0.15155379130475458,0.14970838036670753,53,0,[],[25.0],[214]
3,q3_full,step_only,3,model_dependent,0.14882020430108422,0.15051493436296545,53,0,"[29.35954207201715, 30.46963577]","[12.857142857142858, 25.0, 25.0]","[37, 43, 134]"
3,q3_full,step_only,4,model_dependent,0.14817142537364847,0.15013092128999914,53,0,"[29.35954207201715, 30.3483792711496, 31.145124715]","[12.857142857142858, 24.857142857142858, 12.857142857142858, 25.0]","[37, 35, 26, 116]"
3,q3_full,low_delay,1,model_dependent,0.1848016251122571,0.18160059352291646,53,0,[],[12.857142857142858],[214]
3,q3_full,low_delay,3,model_dependent,0.18065464449389212,0.1806170897277785,53,0,"[28.95839341789075, 35.55795257478585]","[12.857142857142858, 12.857142857142858, 24.857142857142858]","[26, 162, 26]"
3,q3_full,low_delay,4,model_dependent,0.18065464449389207,0.1806170897277785,53,0,"[29.35954207201715, 30.48501834, 35.55795257478585]","[12.857142857142858, 12.857142857142858, 12.857142857142858, 24.857142857142858]","[37, 48, 103, 26]"
3,q3_full,medium_delay,1,model_dependent,0.20487347834704772,0.2015122590062297,53,0,[],[11.0],[214]
3,q3_full,medium_delay,3,model_dependent,0.20450211490788064,0.2013902444884362,53,0,"[29.130029079670052, 35.55795257478585]","[11.0, 11.0, 12.857142857142858]","[30, 158, 26]"
3,q3_full,medium_delay,4,model_dependent,0.2045021149078806,0.2013902444884362,53,0,"[29.43062944343895, 30.521331102512548, 35.55795257478585]","[11.0, 11.0, 11.0, 12.857142857142858]","[41, 45, 102, 26]"
3,q3_full,high_delay,1,model_dependent,0.20487347834704772,0.2015122590062297,53,0,[],[11.0],[214]
3,q3_full,high_delay,3,model_dependent,0.2048734783470477,0.2015122590062297,53,0,"[29.43062944343895, 30.521331102512548]","[11.0, 11.0, 11.0]","[41, 45, 128]"
3,q3_full,high_delay,4,model_dependent,0.2048734783470477,0.2015122590062297,53,0,"[29.43062944343895, 30.521331102512548, 32.46810561226445]","[11.0, 11.0, 11.0, 11.0]","[41, 45, 50, 78]"
4,q2,step_only,1,model_dependent,0.15923312937805736,0.1589012544769743,53,0,[],[25.0],[214]
4,q2,step_only,3,model_dependent,0.15923312937805736,0.1589012544769743,53,0,"[29.20491842677795, 30.456294565]","[25.0, 25.0, 25.0]","[38, 46, 130]"
4,q2,step_only,4,model_dependent,0.15923312937805736,0.1589012544769743,53,0,"[29.20491842677795, 30.456294565, 33.1117307459062]","[25.0, 25.0, 25.0, 25.0]","[38, 46, 67, 63]"
4,q2,low_delay,1,model_dependent,0.2103782866493902,0.2104053243334048,53,0,[],[12.857142857142858],[214]
4,q2,low_delay,3,model_dependent,0.20551448744303483,0.2057730272199913,53,0,"[28.9759443680863, 33.82618036210485]","[12.857142857142858, 12.857142857142858, 25.0]","[25, 144, 45]"
4,q2,low_delay,4,model_dependent,0.2055144874430348,0.2057730272199913,53,0,"[28.9759443680863, 30.18303856416215, 33.82618036210485]","[12.857142857142858, 12.857142857142858, 12.857142857142858, 25.0]","[25, 49, 95, 45]"
4,q2,medium_delay,1,model_dependent,0.23395938586265005,0.23410835274665312,53,0,[],[11.0],[214]
4,q2,medium_delay,3,model_dependent,0.233543171820419,0.23369338140492854,53,0,"[33.4651615552023, 35.10594088]","[11.0, 11.571428571428571, 12.857142857142858]","[164, 25, 25]"
4,q2,medium_delay,4,model_dependent,0.233543171820419,0.23369338140492854,53,0,"[29.0780592777865, 33.4651615552023, 35.10594088]","[11.0, 11.0, 11.571428571428571, 12.857142857142858]","[32, 132, 25, 25]"
4,q2,high_delay,1,model_dependent,0.23395938586265005,0.23410835274665312,53,0,[],[11.0],[214]
4,q2,high_delay,3,model_dependent,0.23395938586265005,0.23410835274665312,53,0,"[29.0780592777865, 29.80803022604035]","[11.0, 11.0, 11.0]","[32, 28, 154]"
4,q2,high_delay,4,model_dependent,0.23395938586265005,0.23410835274665312,53,0,"[29.0780592777865, 29.80803022604035, 31.10374034281495]","[11.0, 11.0, 11.0, 11.0]","[32, 28, 40, 114]"
4,q3_basic,step_only,1,model_dependent,0.15900254056774174,0.16207870503125102,53,0,[],[25.0],[214]
4,q3_basic,step_only,3,model_dependent,0.15900254056774174,0.16207870503125102,53,0,"[29.20491842677795, 30.456294565]","[25.0, 25.0, 25.0]","[38, 46, 130]"
4,q3_basic,step_only,4,model_dependent,0.15900254056774174,0.16207870503125102,53,0,"[29.20491842677795, 30.456294565, 33.1117307459062]","[25.0, 25.0, 25.0, 25.0]","[38, 46, 67, 63]"
4,q3_basic,low_delay,1,model_dependent,0.21068081569135408,0.21782825069279044,53,0,[],[12.857142857142858],[214]
4,q3_basic,low_delay,3,model_dependent,0.20496573568373205,0.2127763643998762,53,0,"[28.9759443680863, 33.400077130867246]","[12.857142857142858, 12.857142857142858, 25.0]","[25, 138, 51]"
4,q3_basic,low_delay,4,model_dependent,0.20496573568373205,0.2127763643998762,53,0,"[28.9759443680863, 31.6993715345789, 33.400077130867246]","[12.857142857142858, 12.857142857142858, 12.857142857142858, 25.0]","[25, 90, 48, 51]"
4,q3_basic,medium_delay,1,model_dependent,0.23444806897973333,0.24218780457629072,53,0,[],[11.0],[214]
4,q3_basic,medium_delay,3,model_dependent,0.23391173623738645,0.2417032220139694,53,0,"[33.400077130867246, 35.02941549]","[11.0, 11.857142857142858, 12.857142857142858]","[163, 25, 26]"
4,q3_basic,medium_delay,4,model_dependent,0.23391173623738645,0.2417032220139694,53,0,"[29.0780592777865, 33.400077130867246, 35.02941549]","[11.0, 11.0, 11.857142857142858, 12.857142857142858]","[32, 131, 25, 26]"
4,q3_basic,high_delay,1,model_dependent,0.23444806897973333,0.24218780457629072,53,0,[],[11.0],[214]
4,q3_basic,high_delay,3,model_dependent,0.23444806897973333,0.24218780457629072,53,0,"[29.0780592777865, 29.80803022604035]","[11.0, 11.0, 11.0]","[32, 28, 154]"
4,q3_basic,high_delay,4,model_dependent,0.23444806897973333,0.24218780457629072,53,0,"[29.0780592777865, 29.80803022604035, 31.10374034281495]","[11.0, 11.0, 11.0, 11.0]","[32, 28, 40, 114]"
4,q3_full,step_only,1,model_dependent,0.15936192879327427,0.16345375750577654,53,0,[],[25.0],[214]
4,q3_full,step_only,3,model_dependent,0.15936192879327427,0.16345375750577654,53,0,"[29.20491842677795, 30.456294565]","[25.0, 25.0, 25.0]","[38, 46, 130]"
4,q3_full,step_only,4,model_dependent,0.15936192879327427,0.16345375750577654,53,0,"[29.20491842677795, 30.456294565, 33.1117307459062]","[25.0, 25.0, 25.0, 25.0]","[38, 46, 67, 63]"
4,q3_full,low_delay,1,model_dependent,0.2097183608531987,0.21850815134278975,53,0,[],[12.857142857142858],[214]
4,q3_full,low_delay,3,model_dependent,0.2035624090725141,0.2099141338921132,53,0,"[29.152824510000002, 33.51725612668065]","[12.857142857142858, 12.857142857142858, 25.0]","[36, 129, 49]"
4,q3_full,low_delay,4,model_dependent,0.2035624090725141,0.2099141338921132,53,0,"[28.9759443680863, 29.7458871954643, 33.51725612668065]","[12.857142857142858, 12.857142857142858, 12.857142857142858, 25.0]","[25, 29, 111, 49]"
4,q3_full,medium_delay,1,model_dependent,0.23303543389064169,0.24240913073621767,53,0,[],[11.0],[214]
4,q3_full,medium_delay,3,model_dependent,0.23253716089480492,0.24159064429060667,53,0,"[29.0780592777865, 33.82618036210485]","[11.0, 11.0, 12.857142857142858]","[32, 137, 45]"
4,q3_full,medium_delay,4,model_dependent,0.2325371608948049,0.24159064429060667,53,0,"[29.152824510000002, 30.406106735, 33.82618036210485]","[11.0, 11.0, 11.0, 12.857142857142858]","[36, 44, 89, 45]"
4,q3_full,high_delay,1,model_dependent,0.23303543389064169,0.24240913073621767,53,0,[],[11.0],[214]
4,q3_full,high_delay,3,model_dependent,0.23303543389064169,0.24240913073621767,53,0,"[29.0780592777865, 29.80803022604035]","[11.0, 11.0, 11.0]","[32, 28, 154]"
4,q3_full,high_delay,4,model_dependent,0.23303543389064163,0.24240913073621767,53,0,"[29.152824510000002, 30.406106735, 33.21173465295685]","[11.0, 11.0, 11.0, 11.0]","[36, 44, 75, 59]"
5,q2,step_only,1,model_dependent,0.1551681268919852,0.15761695844089857,53,1,[],[25.0],[214]
5,q2,step_only,3,model_dependent,0.15467541817263686,0.15601668509221225,53,1,"[28.995840137890752, 29.92762346]","[12.857142857142858, 25.0, 25.0]","[25, 32, 157]"
5,q2,step_only,4,model_dependent,0.15467541817263686,0.15601668509221225,53,1,"[28.995840137890752, 29.92762346, 31.66284253]","[12.857142857142858, 25.0, 25.0, 25.0]","[25, 32, 57, 100]"
5,q2,low_delay,1,model_dependent,0.2038727223429534,0.2070345236831787,53,1,[],[12.857142857142858],[214]
5,q2,low_delay,3,model_dependent,0.19673085152898995,0.19786965127361403,53,1,"[29.0780592777865, 33.48942369335015]","[12.857142857142858, 12.857142857142858, 25.0]","[29, 135, 50]"
5,q2,low_delay,4,model_dependent,0.19673085152898995,0.19786965127361403,53,1,"[29.0455820628869, 29.8182661822407, 33.48942369335015]","[12.857142857142858, 12.857142857142858, 12.857142857142858, 25.0]","[27, 27, 110, 50]"
5,q2,medium_delay,1,model_dependent,0.22744895606534327,0.23045122024483872,53,1,[],[11.0],[214]
5,q2,medium_delay,3,model_dependent,0.22667750048180887,0.2295143672412149,53,1,"[33.01379810004135, 34.10245052764635]","[11.0, 11.714285714285714, 12.857142857142858]","[150, 25, 39]"
5,q2,medium_delay,4,model_dependent,0.22667750048180887,0.2295143672412149,53,1,"[29.20214229677795, 33.01379810004135, 34.10245052764635]","[11.0, 11.0, 11.714285714285714, 12.857142857142858]","[36, 114, 25, 39]"
5,q2,high_delay,1,model_dependent,0.22744895606534327,0.23045122024483872,53,1,[],[11.0],[214]
5,q2,high_delay,3,model_dependent,0.22744895606534327,0.23045122024483872,53,1,"[29.20214229677795, 30.3804461322209]","[11.0, 11.0, 11.0]","[36, 38, 140]"
5,q2,high_delay,4,model_dependent,0.22744895606534324,0.23045122024483872,53,1,"[29.26591345677795, 30.46963577, 33.71727917055455]","[11.0, 11.0, 11.0, 11.0]","[37, 45, 84, 48]"
5,q3_basic,step_only,1,model_dependent,0.1547466852894004,0.15607818357378664,53,1,[],[25.0],[214]
5,q3_basic,step_only,3,model_dependent,0.15457232805579457,0.15393868774372993,53,1,"[29.152824510000002, 30.435518495]","[12.857142857142858, 25.0, 25.0]","[35, 43, 136]"
5,q3_basic,step_only,4,model_dependent,0.15457232805579457,0.15393868774372993,53,1,"[29.152824510000002, 30.435518495, 32.2768860333865]","[12.857142857142858, 25.0, 25.0, 25.0]","[35, 43, 52, 84]"
5,q3_basic,low_delay,1,model_dependent,0.20369525411381942,0.20184347345483566,53,1,[],[12.857142857142858],[214]
5,q3_basic,low_delay,3,model_dependent,0.196201007180158,0.19153991653810445,53,1,"[29.10705821745655, 33.411452741852145]","[12.857142857142858, 12.857142857142858, 25.0]","[30, 132, 52]"
5,q3_basic,low_delay,4,model_dependent,0.196201007180158,0.19153991653810445,53,1,"[28.995840137890752, 29.7859335372407, 33.411452741852145]","[12.857142857142858, 12.857142857142858, 12.857142857142858, 25.0]","[25, 28, 109, 52]"
5,q3_basic,medium_delay,1,model_dependent,0.22740246011878218,0.22469703341482974,53,1,[],[11.0],[214]
5,q3_basic,medium_delay,3,model_dependent,0.22653890353572648,0.22366529488904874,53,1,"[33.411452741852145, 35.00033464]","[11.0, 12.714285714285714, 12.857142857142858]","[162, 27, 25]"
5,q3_basic,medium_delay,4,model_dependent,0.22653890353572648,0.22366529488904874,53,1,"[29.20214229677795, 33.411452741852145, 35.00033464]","[11.0, 11.0, 12.714285714285714, 12.857142857142858]","[36, 126, 27, 25]"
5,q3_basic,high_delay,1,model_dependent,0.22740246011878218,0.22469703341482974,53,1,[],[11.0],[214]
5,q3_basic,high_delay,3,model_dependent,0.22740246011878218,0.22469703341482974,53,1,"[29.20214229677795, 30.3804461322209]","[11.0, 11.0, 11.0]","[36, 38, 140]"
5,q3_basic,high_delay,4,model_dependent,0.22740246011878215,0.22469703341482974,53,1,"[29.20214229677795, 30.46963577, 33.48942369335015]","[11.0, 11.0, 11.0, 11.0]","[36, 46, 82, 50]"
5,q3_full,step_only,1,model_dependent,0.15488916097362962,0.1513759614917977,53,1,[],[25.0],[214]
5,q3_full,step_only,3,model_dependent,0.1547759134472675,0.14900778224760267,53,1,"[29.32178088201715, 30.48501834]","[12.857142857142858, 25.0, 25.0]","[38, 48, 128]"
5,q3_full,step_only,4,model_dependent,0.1547759134472675,0.14900778224760267,53,1,"[29.32178088201715, 30.521331102512548, 32.38715388355615]","[12.857142857142858, 25.0, 25.0, 25.0]","[38, 49, 47, 80]"
5,q3_full,low_delay,1,model_dependent,0.20375109360530197,0.19177606567784228,53,1,[],[12.857142857142858],[214]
5,q3_full,low_delay,3,model_dependent,0.19606980537367705,0.1829488742865794,53,1,"[28.995840137890752, 33.61575142335015]","[12.857142857142858, 12.857142857142858, 25.0]","[25, 140, 49]"
5,q3_full,low_delay,4,model_dependent,0.19606980537367705,0.1829488742865794,53,1,"[29.749820315464298, 32.423729663906755, 33.61575142335015]","[12.857142857142858, 12.857142857142858, 12.857142857142858, 25.0]","[49, 88, 28, 49]"
5,q3_full,medium_delay,1,model_dependent,0.22741246786697342,0.21382904052561952,53,1,[],[11.0],[214]
5,q3_full,medium_delay,3,model_dependent,0.22653799532618257,0.2129020850743851,53,1,"[29.20214229677795, 33.61575142335015]","[11.0, 11.0, 12.857142857142858]","[36, 129, 49]"
5,q3_full,medium_delay,4,model_dependent,0.22653799532618257,0.2129020850743851,53,1,"[29.20214229677795, 30.3804461322209, 33.61575142335015]","[11.0, 11.0, 11.0, 12.857142857142858]","[36, 38, 91, 49]"
5,q3_full,high_delay,1,model_dependent,0.22741246786697342,0.21382904052561952,53,1,[],[11.0],[214]
5,q3_full,high_delay,3,model_dependent,0.2274124678669734,0.21382904052561952,53,1,"[29.20214229677795, 30.406106735]","[11.0, 11.0, 11.0]","[36, 40, 138]"
5,q3_full,high_delay,4,model_dependent,0.2274124678669734,0.21382904052561952,53,1,"[29.20214229677795, 30.46963577, 33.178474848588806]","[11.0, 11.0, 11.0, 11.0]","[36, 46, 73, 59]"
