fold,model,scenario,k,status,train_expected_risk,heldout_expected_risk,heldout_subjects,heldout_outside_bmi_range,cutpoints,weeks,counts,effective_groups,merged_cutpoints,merged_weeks,merged_counts,boundary_groups
1,q2,step_only,1,model_dependent,0.1551576617472704,0.1561215155932964,54,1,[],[25.0],[213],1,[],[25.0],[213],1
1,q2,step_only,3,model_dependent,0.1551576617472704,0.1561215155932964,54,1,"[29.172108809999997, 30.456294565]","[25.0, 25.0, 25.0]","[35, 43, 135]",1,[],[25.0],[213],1
1,q2,step_only,4,model_dependent,0.1551576617472704,0.1561215155932964,54,1,"[29.172108809999997, 30.456294565, 33.1279444036214]","[25.0, 25.0, 25.0, 25.0]","[35, 43, 74, 61]",1,[],[25.0],[213],1
1,q2,low_delay,1,model_dependent,0.2018235856934053,0.203136218708286,54,1,[],[12.857142857142858],[213],1,[],[12.857142857142858],[213],0
1,q2,low_delay,3,model_dependent,0.1990667985157189,0.1994470710826393,54,1,"[28.9759443680863, 34.6456217064828]","[12.857142857142858, 12.857142857142858, 25.0]","[25, 159, 29]",2,[34.6456217064828],"[12.857142857142858, 25.0]","[184, 29]",1
1,q2,low_delay,4,model_dependent,0.1990667985157189,0.1994470710826393,54,1,"[28.9759443680863, 29.749820315464298, 34.6456217064828]","[12.857142857142858, 12.857142857142858, 12.857142857142858, 25.0]","[25, 25, 134, 29]",2,[34.6456217064828],"[12.857142857142858, 25.0]","[184, 29]",1
1,q2,medium_delay,1,model_dependent,0.2248062350432364,0.2260949508788664,54,1,[],[11.0],[213],1,[],[11.0],[213],1
1,q2,medium_delay,3,model_dependent,0.224579188470839,0.2258155486600748,54,1,"[29.32178088201715, 35.00033464]","[11.0, 11.0, 12.857142857142858]","[38, 150, 25]",2,[35.00033464],"[11.0, 12.857142857142858]","[188, 25]",1
1,q2,medium_delay,4,model_dependent,0.224579188470839,0.2258155486600748,54,1,"[29.43062944343895, 32.0931884444288, 35.00033464]","[11.0, 11.0, 11.0, 12.857142857142858]","[44, 81, 63, 25]",2,[35.00033464],"[11.0, 12.857142857142858]","[188, 25]",1
1,q2,high_delay,1,model_dependent,0.2248062350432364,0.2260949508788664,54,1,[],[11.0],[213],1,[],[11.0],[213],1
1,q2,high_delay,3,model_dependent,0.2248062350432363,0.2260949508788664,54,1,"[29.26591345677795, 30.4768398]","[11.0, 11.0, 11.0]","[37, 44, 132]",1,[],[11.0],[213],1
1,q2,high_delay,4,model_dependent,0.2248062350432363,0.2260949508788664,54,1,"[29.26591345677795, 30.3017749204332, 32.93512720905445]","[11.0, 11.0, 11.0, 11.0]","[37, 34, 75, 67]",1,[],[11.0],[213],1
1,q3_basic,step_only,1,model_dependent,0.155103879396556,0.1554319426371912,54,1,[],[25.0],[213],1,[],[25.0],[213],1
1,q3_basic,step_only,3,model_dependent,0.155103879396556,0.1554319426371912,54,1,"[29.26591345677795, 30.75052001013085]","[25.0, 25.0, 25.0]","[37, 55, 121]",1,[],[25.0],[213],1
1,q3_basic,step_only,4,model_dependent,0.155103879396556,0.1554319426371912,54,1,"[29.26591345677795, 30.75052001013085, 33.38110521706205]","[25.0, 25.0, 25.0, 25.0]","[37, 55, 69, 52]",1,[],[25.0],[213],1
1,q3_basic,low_delay,1,model_dependent,0.202038015890229,0.2029005628384071,54,1,[],[12.857142857142858],[213],1,[],[12.857142857142858],[213],0
1,q3_basic,low_delay,3,model_dependent,0.199002417619778,0.1984567768198062,54,1,"[28.9759443680863, 35.00033464]","[12.857142857142858, 12.857142857142858, 25.0]","[25, 163, 25]",2,[35.00033464],"[12.857142857142858, 25.0]","[188, 25]",1
1,q3_basic,low_delay,4,model_dependent,0.199002417619778,0.1984567768198062,54,1,"[29.071831297786503, 30.483268680000002, 35.00033464]","[12.857142857142858, 12.857142857142858, 12.857142857142858, 25.0]","[30, 53, 105, 25]",2,[35.00033464],"[12.857142857142858, 25.0]","[188, 25]",1
1,q3_basic,medium_delay,1,model_dependent,0.2251204294817346,0.2260827626610025,54,1,[],[11.0],[213],1,[],[11.0],[213],1
1,q3_basic,medium_delay,3,model_dependent,0.2248499239816911,0.2256481701468524,54,1,"[29.37857702, 35.00033464]","[11.0, 11.0, 12.857142857142858]","[40, 148, 25]",2,[35.00033464],"[11.0, 12.857142857142858]","[188, 25]",1
1,q3_basic,medium_delay,4,model_dependent,0.2248499239816911,0.2256481701468524,54,1,"[29.26591345677795, 31.7686576929447, 35.00033464]","[11.0, 11.0, 11.0, 12.857142857142858]","[37, 79, 72, 25]",2,[35.00033464],"[11.0, 12.857142857142858]","[188, 25]",1
1,q3_basic,high_delay,1,model_dependent,0.2251204294817346,0.2260827626610025,54,1,[],[11.0],[213],1,[],[11.0],[213],1
1,q3_basic,high_delay,3,model_dependent,0.2251204294817346,0.2260827626610025,54,1,"[29.26591345677795, 30.3483792711496]","[11.0, 11.0, 11.0]","[37, 35, 141]",1,[],[11.0],[213],1
1,q3_basic,high_delay,4,model_dependent,0.2251204294817346,0.2260827626610025,54,1,"[29.26591345677795, 30.456294565, 33.0756697561724]","[11.0, 11.0, 11.0, 11.0]","[37, 41, 72, 63]",1,[],[11.0],[213],1
1,q3_full,step_only,1,model_dependent,0.155088213193533,0.1606830895435649,54,1,[],[25.0],[213],1,[],[25.0],[213],1
1,q3_full,step_only,3,model_dependent,0.1550882131935329,0.1606830895435649,54,1,"[29.20491842677795, 30.761083097004153]","[25.0, 25.0, 25.0]","[36, 57, 120]",1,[],[25.0],[213],1
1,q3_full,step_only,4,model_dependent,0.1550882131935329,0.1606830895435649,54,1,"[29.20491842677795, 30.75052001013085, 33.38110521706205]","[25.0, 25.0, 25.0, 25.0]","[36, 56, 69, 52]",1,[],[25.0],[213],1
1,q3_full,low_delay,1,model_dependent,0.2012995545514494,0.2139943488744985,54,1,[],[12.857142857142858],[213],1,[],[12.857142857142858],[213],0
1,q3_full,low_delay,3,model_dependent,0.1979638503335817,0.2049596812680682,54,1,"[28.9759443680863, 33.51725612668065]","[12.857142857142858, 12.857142857142858, 25.0]","[25, 140, 48]",2,[33.51725612668065],"[12.857142857142858, 25.0]","[165, 48]",1
1,q3_full,low_delay,4,model_dependent,0.1979638503335817,0.2049596812680682,54,1,"[29.006466625, 30.435518495, 33.51725612668065]","[12.857142857142858, 12.857142857142858, 12.857142857142858, 25.0]","[27, 49, 89, 48]",2,[33.51725612668065],"[12.857142857142858, 25.0]","[165, 48]",1
1,q3_full,medium_delay,1,model_dependent,0.2241663240167028,0.2379477357940788,54,1,[],[11.0],[213],1,[],[11.0],[213],1
1,q3_full,medium_delay,3,model_dependent,0.2239113754488287,0.2372039338465465,54,1,"[33.3978292790151, 34.965401695]","[11.0, 11.142857142857142, 12.857142857142858]","[162, 25, 26]",3,"[33.3978292790151, 34.965401695]","[11.0, 11.142857142857142, 12.857142857142858]","[162, 25, 26]",1
1,q3_full,medium_delay,4,model_dependent,0.2239113754488287,0.2372039338465465,54,1,"[29.26591345677795, 33.3978292790151, 34.965401695]","[11.0, 11.0, 11.142857142857142, 12.857142857142858]","[37, 125, 25, 26]",3,"[33.3978292790151, 34.965401695]","[11.0, 11.142857142857142, 12.857142857142858]","[162, 25, 26]",1
1,q3_full,high_delay,1,model_dependent,0.2241663240167028,0.2379477357940788,54,1,[],[11.0],[213],1,[],[11.0],[213],1
1,q3_full,high_delay,3,model_dependent,0.2241663240167028,0.2379477357940788,54,1,"[29.26591345677795, 30.3017749204332]","[11.0, 11.0, 11.0]","[37, 34, 142]",1,[],[11.0],[213],1
1,q3_full,high_delay,4,model_dependent,0.2241663240167028,0.2379477357940788,54,1,"[29.32178088201715, 30.534848816629747, 33.3978292790151]","[11.0, 11.0, 11.0, 11.0]","[38, 47, 77, 51]",1,[],[11.0],[213],1
2,q2,step_only,1,model_dependent,0.145666523059513,0.1476342544104784,54,0,[],[25.0],[213],1,[],[25.0],[213],1
2,q2,step_only,3,model_dependent,0.145666523059513,0.1476342544104784,54,0,"[29.0780592777865, 31.145124715]","[25.0, 25.0, 25.0]","[32, 71, 110]",1,[],[25.0],[213],1
2,q2,step_only,4,model_dependent,0.145666523059513,0.1476342544104784,54,0,"[29.0780592777865, 30.68221255328655, 33.48942369335015]","[25.0, 25.0, 25.0, 25.0]","[32, 63, 69, 49]",1,[],[25.0],[213],1
2,q2,low_delay,1,model_dependent,0.2094714273942637,0.2158652157469038,54,0,[],[12.857142857142858],[213],1,[],[12.857142857142858],[213],0
2,q2,low_delay,3,model_dependent,0.1985323269175401,0.2030576368134264,54,0,"[28.9759443680863, 32.38715388355615]","[12.857142857142858, 12.857142857142858, 25.0]","[25, 108, 80]",2,[32.38715388355615],"[12.857142857142858, 25.0]","[133, 80]",1
2,q2,low_delay,4,model_dependent,0.1985323269175401,0.2030576368134264,54,0,"[28.9759443680863, 29.66606058, 32.38715388355615]","[12.857142857142858, 12.857142857142858, 12.857142857142858, 25.0]","[25, 25, 83, 80]",2,[32.38715388355615],"[12.857142857142858, 25.0]","[133, 80]",1
2,q2,medium_delay,1,model_dependent,0.2373047928265775,0.2437575336917088,54,0,[],[12.714285714285714],[213],1,[],[12.714285714285714],[213],0
2,q2,medium_delay,3,model_dependent,0.2359505833307818,0.2426550416774579,54,0,"[30.267515586117298, 31.30462428941985]","[11.0, 11.857142857142858, 12.857142857142858]","[75, 34, 104]",3,"[30.267515586117298, 31.30462428941985]","[11.0, 11.857142857142858, 12.857142857142858]","[75, 34, 104]",1
2,q2,medium_delay,4,model_dependent,0.2359446805761012,0.242647052040959,54,0,"[29.99940893, 30.521331102512548, 31.59542261169325]","[11.0, 11.428571428571429, 12.142857142857142, 12.857142857142858]","[62, 27, 25, 99]",4,"[29.99940893, 30.521331102512548, 31.59542261169325]","[11.0, 11.428571428571429, 12.142857142857142, 12.857142857142858]","[62, 27, 25, 99]",1
2,q2,high_delay,1,model_dependent,0.2388877366964887,0.2460309497345876,54,0,[],[11.0],[213],1,[],[11.0],[213],1
2,q2,high_delay,3,model_dependent,0.2388877366964887,0.2460309497345876,54,0,"[29.130029079670052, 29.89542649103325]","[11.0, 11.0, 11.0]","[34, 26, 153]",1,[],[11.0],[213],1
2,q2,high_delay,4,model_dependent,0.2388877366964887,0.2460309497345876,54,0,"[29.426998765243248, 31.835775192944702, 33.20719191798945]","[11.0, 11.0, 11.0, 11.0]","[44, 77, 34, 58]",1,[],[11.0],[213],1
2,q3_basic,step_only,1,model_dependent,0.1453021058936048,0.1452552029773982,54,0,[],[25.0],[213],1,[],[25.0],[213],1
2,q3_basic,step_only,3,model_dependent,0.1453021058936048,0.1452552029773982,54,0,"[29.05951596, 29.80803022604035]","[25.0, 25.0, 25.0]","[31, 27, 155]",1,[],[25.0],[213],1
2,q3_basic,step_only,4,model_dependent,0.1453021058936048,0.1452552029773982,54,0,"[29.172108809999997, 30.7981037518733, 33.51725612668065]","[25.0, 25.0, 25.0, 25.0]","[38, 60, 67, 48]",1,[],[25.0],[213],1
2,q3_basic,low_delay,1,model_dependent,0.2097958541703289,0.2117019982201906,54,0,[],[12.857142857142858],[213],1,[],[12.857142857142858],[213],0
2,q3_basic,low_delay,3,model_dependent,0.1983163476515255,0.2016661676186813,54,0,"[28.9759443680863, 31.835775192944702]","[12.857142857142858, 12.857142857142858, 25.0]","[25, 96, 92]",2,[31.835775192944702],"[12.857142857142858, 25.0]","[121, 92]",1
2,q3_basic,low_delay,4,model_dependent,0.1983163476515255,0.2016661676186813,54,0,"[28.9759443680863, 30.2187791664552, 31.835775192944702]","[12.857142857142858, 12.857142857142858, 12.857142857142858, 25.0]","[25, 49, 47, 92]",2,[31.835775192944702],"[12.857142857142858, 25.0]","[121, 92]",1
2,q3_basic,medium_delay,1,model_dependent,0.2376504997964949,0.2395940458157893,54,0,[],[12.714285714285714],[213],1,[],[12.714285714285714],[213],0
2,q3_basic,medium_delay,3,model_dependent,0.2364103011789211,0.2386861047417361,54,0,"[29.37857702, 31.5045234250675]","[11.0, 11.714285714285714, 12.857142857142858]","[42, 71, 100]",3,"[29.37857702, 31.5045234250675]","[11.0, 11.714285714285714, 12.857142857142858]","[42, 71, 100]",1
2,q3_basic,medium_delay,4,model_dependent,0.2364015742982401,0.2386591180465354,54,0,"[29.37857702, 30.102058579967398, 31.5045234250675]","[11.0, 11.428571428571429, 11.857142857142858, 12.857142857142858]","[42, 25, 46, 100]",4,"[29.37857702, 30.102058579967398, 31.5045234250675]","[11.0, 11.428571428571429, 11.857142857142858, 12.857142857142858]","[42, 25, 46, 100]",1
2,q3_basic,high_delay,1,model_dependent,0.2395148227820828,0.2419225977104617,54,0,[],[11.0],[213],1,[],[11.0],[213],1
2,q3_basic,high_delay,3,model_dependent,0.2395148227820827,0.2419225977104617,54,0,"[29.130029079670052, 30.060693649999997]","[11.0, 11.0, 11.0]","[34, 31, 148]",1,[],[11.0],[213],1
2,q3_basic,high_delay,4,model_dependent,0.2395148227820827,0.2419225977104617,54,0,"[29.130029079670052, 29.89542649103325, 30.7309928534174]","[11.0, 11.0, 11.0, 11.0]","[34, 26, 36, 117]",1,[],[11.0],[213],1
2,q3_full,step_only,1,model_dependent,0.1454209340949089,0.1441552187680486,54,0,[],[25.0],[213],1,[],[25.0],[213],1
2,q3_full,step_only,3,model_dependent,0.1454209340949089,0.1441552187680486,54,0,"[29.172108809999997, 30.90413263054825]","[25.0, 25.0, 25.0]","[38, 62, 113]",1,[],[25.0],[213],1
2,q3_full,step_only,4,model_dependent,0.1454209340949089,0.1441552187680486,54,0,"[29.172108809999997, 30.7981037518733, 33.48942369335015]","[25.0, 25.0, 25.0, 25.0]","[38, 60, 66, 49]",1,[],[25.0],[213],1
2,q3_full,low_delay,1,model_dependent,0.2095960811736456,0.209202167796448,54,0,[],[12.857142857142858],[213],1,[],[12.857142857142858],[213],0
2,q3_full,low_delay,3,model_dependent,0.1974708787221027,0.201631455371315,54,0,"[29.02116332289075, 33.411452741852145]","[12.857142857142858, 12.857142857142858, 25.0]","[28, 134, 51]",2,[33.411452741852145],"[12.857142857142858, 25.0]","[162, 51]",1
2,q3_full,low_delay,4,model_dependent,0.1960381255865201,0.2019686232354403,54,0,"[31.5045234250675, 32.566909555448945, 33.51725612668065]","[12.857142857142858, 24.428571428571427, 12.857142857142858, 25.0]","[113, 27, 25, 48]",4,"[31.5045234250675, 32.566909555448945, 33.51725612668065]","[12.857142857142858, 24.428571428571427, 12.857142857142858, 25.0]","[113, 27, 25, 48]",1
2,q3_full,medium_delay,1,model_dependent,0.2374398002076842,0.2370779264014621,54,0,[],[12.714285714285714],[213],1,[],[12.714285714285714],[213],0
2,q3_full,medium_delay,3,model_dependent,0.2361839895823448,0.2359453815658401,54,0,"[29.398260685, 31.5045234250675]","[11.0, 11.714285714285714, 12.857142857142858]","[43, 70, 100]",3,"[29.398260685, 31.5045234250675]","[11.0, 11.714285714285714, 12.857142857142858]","[43, 70, 100]",1
2,q3_full,medium_delay,4,model_dependent,0.236121970923925,0.2367159018294895,54,0,"[31.145124715, 32.566909555448945, 33.51725612668065]","[11.0, 12.857142857142858, 11.428571428571429, 12.857142857142858]","[103, 37, 25, 48]",4,"[31.145124715, 32.566909555448945, 33.51725612668065]","[11.0, 12.857142857142858, 11.428571428571429, 12.857142857142858]","[103, 37, 25, 48]",1
2,q3_full,high_delay,1,model_dependent,0.2391571978468222,0.2392154776698077,54,0,[],[11.0],[213],1,[],[11.0],[213],1
2,q3_full,high_delay,3,model_dependent,0.2391571978468222,0.2392154776698077,54,0,"[29.130029079670052, 29.89542649103325]","[11.0, 11.0, 11.0]","[34, 26, 153]",1,[],[11.0],[213],1
2,q3_full,high_delay,4,model_dependent,0.2391571978468222,0.2392154776698077,54,0,"[29.334636189999998, 30.456294565, 33.128525569527596]","[11.0, 11.0, 11.0, 11.0]","[41, 40, 72, 60]",1,[],[11.0],[213],1
3,q2,step_only,1,model_dependent,0.1520276113500568,0.1472692390821639,53,0,[],[25.0],[214],1,[],[25.0],[214],1
3,q2,step_only,3,model_dependent,0.1503253038579963,0.1460082711183255,53,0,"[29.55072956140705, 30.48501834]","[12.857142857142858, 25.0, 25.0]","[44, 41, 129]",2,[29.55072956140705],"[12.857142857142858, 25.0]","[44, 170]",1
3,q2,step_only,4,model_dependent,0.1503253038579963,0.1460082711183255,53,0,"[29.55072956140705, 30.48501834, 32.5165379383577]","[12.857142857142858, 25.0, 25.0, 25.0]","[44, 41, 52, 77]",2,[29.55072956140705],"[12.857142857142858, 25.0]","[44, 170]",1
3,q2,low_delay,1,model_dependent,0.1856733099673843,0.1758343468515767,53,0,[],[12.857142857142858],[214],1,[],[12.857142857142858],[214],0
3,q2,low_delay,3,model_dependent,0.1825682841214393,0.1757794526542083,53,0,"[29.130029079670052, 34.930506245000004]","[12.857142857142858, 12.857142857142858, 25.0]","[30, 153, 31]",2,[34.930506245000004],"[12.857142857142858, 25.0]","[183, 31]",1
3,q2,low_delay,4,model_dependent,0.1825682841214393,0.1757794526542083,53,0,"[28.95839341789075, 29.858344816033252, 34.930506245000004]","[12.857142857142858, 12.857142857142858, 12.857142857142858, 25.0]","[26, 30, 127, 31]",2,[34.930506245000004],"[12.857142857142858, 25.0]","[183, 31]",1
3,q2,medium_delay,1,model_dependent,0.2058616527540155,0.1953522715160277,53,0,[],[11.0],[214],1,[],[11.0],[214],1
3,q2,medium_delay,3,model_dependent,0.2056634974571716,0.1953339626523682,53,0,"[29.130029079670052, 35.5839735271325]","[11.0, 11.0, 12.857142857142858]","[30, 159, 25]",2,[35.5839735271325],"[11.0, 12.857142857142858]","[189, 25]",1
3,q2,medium_delay,4,model_dependent,0.2056634974571716,0.1953339626523682,53,0,"[29.130029079670052, 30.2798105797449, 35.5839735271325]","[11.0, 11.0, 11.0, 12.857142857142858]","[30, 40, 119, 25]",2,[35.5839735271325],"[11.0, 12.857142857142858]","[189, 25]",1
3,q2,high_delay,1,model_dependent,0.2058616527540155,0.1953522715160277,53,0,[],[11.0],[214],1,[],[11.0],[214],1
3,q2,high_delay,3,model_dependent,0.2058616527540155,0.1953522715160277,53,0,"[29.130029079670052, 30.2798105797449]","[11.0, 11.0, 11.0]","[30, 40, 144]",1,[],[11.0],[214],1
3,q2,high_delay,4,model_dependent,0.2058616527540155,0.1953522715160277,53,0,"[29.130029079670052, 30.2798105797449, 31.247618505]","[11.0, 11.0, 11.0, 11.0]","[30, 40, 33, 111]",1,[],[11.0],[214],1
3,q3_basic,step_only,1,model_dependent,0.1514681140987774,0.1488022103874957,53,0,[],[25.0],[214],1,[],[25.0],[214],1
3,q3_basic,step_only,3,model_dependent,0.1499083763633283,0.1483162726545926,53,0,"[29.35954207201715, 30.435518495]","[12.857142857142858, 25.0, 25.0]","[37, 40, 137]",2,[29.35954207201715],"[12.857142857142858, 25.0]","[37, 177]",1
3,q3_basic,step_only,4,model_dependent,0.1497357179906062,0.1475158712321674,53,0,"[29.35954207201715, 30.2798105797449, 31.145124715]","[12.857142857142858, 24.857142857142858, 12.857142857142858, 25.0]","[37, 33, 28, 116]",4,"[29.35954207201715, 30.2798105797449, 31.145124715]","[12.857142857142858, 24.857142857142858, 12.857142857142858, 25.0]","[37, 33, 28, 116]",1
3,q3_basic,low_delay,1,model_dependent,0.185934455581079,0.1810176568857892,53,0,[],[12.857142857142858],[214],1,[],[12.857142857142858],[214],0
3,q3_basic,low_delay,3,model_dependent,0.1811868003226363,0.1796141241988695,53,0,"[28.95839341789075, 35.55795257478585]","[12.857142857142858, 12.857142857142858, 24.857142857142858]","[26, 162, 26]",2,[35.55795257478585],"[12.857142857142858, 24.857142857142858]","[188, 26]",0
3,q3_basic,low_delay,4,model_dependent,0.1811868003226363,0.1796141241988695,53,0,"[29.09474287967005, 30.7981037518733, 35.55795257478585]","[12.857142857142858, 12.857142857142858, 12.857142857142858, 24.857142857142858]","[29, 64, 95, 26]",2,[35.55795257478585],"[12.857142857142858, 24.857142857142858]","[188, 26]",0
3,q3_basic,medium_delay,1,model_dependent,0.2064487437861444,0.2012471133215608,53,0,[],[11.0],[214],1,[],[11.0],[214],1
3,q3_basic,medium_delay,3,model_dependent,0.205994009821791,0.2010916199707518,53,0,"[29.130029079670052, 35.55795257478585]","[11.0, 11.0, 12.857142857142858]","[30, 158, 26]",2,[35.55795257478585],"[11.0, 12.857142857142858]","[188, 26]",1
3,q3_basic,medium_delay,4,model_dependent,0.205994009821791,0.2010916199707518,53,0,"[29.130029079670052, 30.2798105797449, 35.55795257478585]","[11.0, 11.0, 11.0, 12.857142857142858]","[30, 40, 118, 26]",2,[35.55795257478585],"[11.0, 12.857142857142858]","[188, 26]",1
3,q3_basic,high_delay,1,model_dependent,0.2064487437861444,0.2012471133215608,53,0,[],[11.0],[214],1,[],[11.0],[214],1
3,q3_basic,high_delay,3,model_dependent,0.2064487437861444,0.2012471133215608,53,0,"[29.130029079670052, 30.2798105797449]","[11.0, 11.0, 11.0]","[30, 40, 144]",1,[],[11.0],[214],1
3,q3_basic,high_delay,4,model_dependent,0.2064487437861444,0.2012471133215608,53,0,"[29.130029079670052, 30.2798105797449, 31.247618505]","[11.0, 11.0, 11.0, 11.0]","[30, 40, 33, 111]",1,[],[11.0],[214],1
3,q3_full,step_only,1,model_dependent,0.1515537913047545,0.1497083803667075,53,0,[],[25.0],[214],1,[],[25.0],[214],1
3,q3_full,step_only,3,model_dependent,0.1488202043010842,0.1505149343629654,53,0,"[29.35954207201715, 30.46963577]","[12.857142857142858, 25.0, 25.0]","[37, 43, 134]",2,[29.35954207201715],"[12.857142857142858, 25.0]","[37, 177]",1
3,q3_full,step_only,4,model_dependent,0.1481714253736484,0.1501309212899991,53,0,"[29.35954207201715, 30.3483792711496, 31.145124715]","[12.857142857142858, 24.857142857142858, 12.857142857142858, 25.0]","[37, 35, 26, 116]",4,"[29.35954207201715, 30.3483792711496, 31.145124715]","[12.857142857142858, 24.857142857142858, 12.857142857142858, 25.0]","[37, 35, 26, 116]",1
3,q3_full,low_delay,1,model_dependent,0.1848016251122571,0.1816005935229164,53,0,[],[12.857142857142858],[214],1,[],[12.857142857142858],[214],0
3,q3_full,low_delay,3,model_dependent,0.1806546444938921,0.1806170897277785,53,0,"[28.95839341789075, 35.55795257478585]","[12.857142857142858, 12.857142857142858, 24.857142857142858]","[26, 162, 26]",2,[35.55795257478585],"[12.857142857142858, 24.857142857142858]","[188, 26]",0
3,q3_full,low_delay,4,model_dependent,0.180654644493892,0.1806170897277785,53,0,"[29.35954207201715, 30.48501834, 35.55795257478585]","[12.857142857142858, 12.857142857142858, 12.857142857142858, 24.857142857142858]","[37, 48, 103, 26]",2,[35.55795257478585],"[12.857142857142858, 24.857142857142858]","[188, 26]",0
3,q3_full,medium_delay,1,model_dependent,0.2048734783470477,0.2015122590062297,53,0,[],[11.0],[214],1,[],[11.0],[214],1
3,q3_full,medium_delay,3,model_dependent,0.2045021149078806,0.2013902444884362,53,0,"[29.130029079670052, 35.55795257478585]","[11.0, 11.0, 12.857142857142858]","[30, 158, 26]",2,[35.55795257478585],"[11.0, 12.857142857142858]","[188, 26]",1
3,q3_full,medium_delay,4,model_dependent,0.2045021149078806,0.2013902444884362,53,0,"[29.43062944343895, 30.521331102512548, 35.55795257478585]","[11.0, 11.0, 11.0, 12.857142857142858]","[41, 45, 102, 26]",2,[35.55795257478585],"[11.0, 12.857142857142858]","[188, 26]",1
3,q3_full,high_delay,1,model_dependent,0.2048734783470477,0.2015122590062297,53,0,[],[11.0],[214],1,[],[11.0],[214],1
3,q3_full,high_delay,3,model_dependent,0.2048734783470477,0.2015122590062297,53,0,"[29.43062944343895, 30.521331102512548]","[11.0, 11.0, 11.0]","[41, 45, 128]",1,[],[11.0],[214],1
3,q3_full,high_delay,4,model_dependent,0.2048734783470477,0.2015122590062297,53,0,"[29.43062944343895, 30.521331102512548, 32.46810561226445]","[11.0, 11.0, 11.0, 11.0]","[41, 45, 50, 78]",1,[],[11.0],[214],1
4,q2,step_only,1,model_dependent,0.1592331293780573,0.1589012544769743,53,0,[],[25.0],[214],1,[],[25.0],[214],1
4,q2,step_only,3,model_dependent,0.1592331293780573,0.1589012544769743,53,0,"[29.20491842677795, 30.456294565]","[25.0, 25.0, 25.0]","[38, 46, 130]",1,[],[25.0],[214],1
4,q2,step_only,4,model_dependent,0.1592331293780573,0.1589012544769743,53,0,"[29.20491842677795, 30.456294565, 33.1117307459062]","[25.0, 25.0, 25.0, 25.0]","[38, 46, 67, 63]",1,[],[25.0],[214],1
4,q2,low_delay,1,model_dependent,0.2103782866493902,0.2104053243334048,53,0,[],[12.857142857142858],[214],1,[],[12.857142857142858],[214],0
4,q2,low_delay,3,model_dependent,0.2055144874430348,0.2057730272199913,53,0,"[28.9759443680863, 33.82618036210485]","[12.857142857142858, 12.857142857142858, 25.0]","[25, 144, 45]",2,[33.82618036210485],"[12.857142857142858, 25.0]","[169, 45]",1
4,q2,low_delay,4,model_dependent,0.2055144874430348,0.2057730272199913,53,0,"[28.9759443680863, 30.18303856416215, 33.82618036210485]","[12.857142857142858, 12.857142857142858, 12.857142857142858, 25.0]","[25, 49, 95, 45]",2,[33.82618036210485],"[12.857142857142858, 25.0]","[169, 45]",1
4,q2,medium_delay,1,model_dependent,0.23395938586265,0.2341083527466531,53,0,[],[11.0],[214],1,[],[11.0],[214],1
4,q2,medium_delay,3,model_dependent,0.233543171820419,0.2336933814049285,53,0,"[33.4651615552023, 35.10594088]","[11.0, 11.571428571428571, 12.857142857142858]","[164, 25, 25]",3,"[33.4651615552023, 35.10594088]","[11.0, 11.571428571428571, 12.857142857142858]","[164, 25, 25]",1
4,q2,medium_delay,4,model_dependent,0.233543171820419,0.2336933814049285,53,0,"[29.0780592777865, 33.4651615552023, 35.10594088]","[11.0, 11.0, 11.571428571428571, 12.857142857142858]","[32, 132, 25, 25]",3,"[33.4651615552023, 35.10594088]","[11.0, 11.571428571428571, 12.857142857142858]","[164, 25, 25]",1
4,q2,high_delay,1,model_dependent,0.23395938586265,0.2341083527466531,53,0,[],[11.0],[214],1,[],[11.0],[214],1
4,q2,high_delay,3,model_dependent,0.23395938586265,0.2341083527466531,53,0,"[29.0780592777865, 29.80803022604035]","[11.0, 11.0, 11.0]","[32, 28, 154]",1,[],[11.0],[214],1
4,q2,high_delay,4,model_dependent,0.23395938586265,0.2341083527466531,53,0,"[29.0780592777865, 29.80803022604035, 31.10374034281495]","[11.0, 11.0, 11.0, 11.0]","[32, 28, 40, 114]",1,[],[11.0],[214],1
4,q3_basic,step_only,1,model_dependent,0.1590025405677417,0.162078705031251,53,0,[],[25.0],[214],1,[],[25.0],[214],1
4,q3_basic,step_only,3,model_dependent,0.1590025405677417,0.162078705031251,53,0,"[29.20491842677795, 30.456294565]","[25.0, 25.0, 25.0]","[38, 46, 130]",1,[],[25.0],[214],1
4,q3_basic,step_only,4,model_dependent,0.1590025405677417,0.162078705031251,53,0,"[29.20491842677795, 30.456294565, 33.1117307459062]","[25.0, 25.0, 25.0, 25.0]","[38, 46, 67, 63]",1,[],[25.0],[214],1
4,q3_basic,low_delay,1,model_dependent,0.210680815691354,0.2178282506927904,53,0,[],[12.857142857142858],[214],1,[],[12.857142857142858],[214],0
4,q3_basic,low_delay,3,model_dependent,0.204965735683732,0.2127763643998762,53,0,"[28.9759443680863, 33.400077130867246]","[12.857142857142858, 12.857142857142858, 25.0]","[25, 138, 51]",2,[33.400077130867246],"[12.857142857142858, 25.0]","[163, 51]",1
4,q3_basic,low_delay,4,model_dependent,0.204965735683732,0.2127763643998762,53,0,"[28.9759443680863, 31.6993715345789, 33.400077130867246]","[12.857142857142858, 12.857142857142858, 12.857142857142858, 25.0]","[25, 90, 48, 51]",2,[33.400077130867246],"[12.857142857142858, 25.0]","[163, 51]",1
4,q3_basic,medium_delay,1,model_dependent,0.2344480689797333,0.2421878045762907,53,0,[],[11.0],[214],1,[],[11.0],[214],1
4,q3_basic,medium_delay,3,model_dependent,0.2339117362373864,0.2417032220139694,53,0,"[33.400077130867246, 35.02941549]","[11.0, 11.857142857142858, 12.857142857142858]","[163, 25, 26]",3,"[33.400077130867246, 35.02941549]","[11.0, 11.857142857142858, 12.857142857142858]","[163, 25, 26]",1
4,q3_basic,medium_delay,4,model_dependent,0.2339117362373864,0.2417032220139694,53,0,"[29.0780592777865, 33.400077130867246, 35.02941549]","[11.0, 11.0, 11.857142857142858, 12.857142857142858]","[32, 131, 25, 26]",3,"[33.400077130867246, 35.02941549]","[11.0, 11.857142857142858, 12.857142857142858]","[163, 25, 26]",1
4,q3_basic,high_delay,1,model_dependent,0.2344480689797333,0.2421878045762907,53,0,[],[11.0],[214],1,[],[11.0],[214],1
4,q3_basic,high_delay,3,model_dependent,0.2344480689797333,0.2421878045762907,53,0,"[29.0780592777865, 29.80803022604035]","[11.0, 11.0, 11.0]","[32, 28, 154]",1,[],[11.0],[214],1
4,q3_basic,high_delay,4,model_dependent,0.2344480689797333,0.2421878045762907,53,0,"[29.0780592777865, 29.80803022604035, 31.10374034281495]","[11.0, 11.0, 11.0, 11.0]","[32, 28, 40, 114]",1,[],[11.0],[214],1
4,q3_full,step_only,1,model_dependent,0.1593619287932742,0.1634537575057765,53,0,[],[25.0],[214],1,[],[25.0],[214],1
4,q3_full,step_only,3,model_dependent,0.1593619287932742,0.1634537575057765,53,0,"[29.20491842677795, 30.456294565]","[25.0, 25.0, 25.0]","[38, 46, 130]",1,[],[25.0],[214],1
4,q3_full,step_only,4,model_dependent,0.1593619287932742,0.1634537575057765,53,0,"[29.20491842677795, 30.456294565, 33.1117307459062]","[25.0, 25.0, 25.0, 25.0]","[38, 46, 67, 63]",1,[],[25.0],[214],1
4,q3_full,low_delay,1,model_dependent,0.2097183608531987,0.2185081513427897,53,0,[],[12.857142857142858],[214],1,[],[12.857142857142858],[214],0
4,q3_full,low_delay,3,model_dependent,0.2035624090725141,0.2099141338921132,53,0,"[29.152824510000002, 33.51725612668065]","[12.857142857142858, 12.857142857142858, 25.0]","[36, 129, 49]",2,[33.51725612668065],"[12.857142857142858, 25.0]","[165, 49]",1
4,q3_full,low_delay,4,model_dependent,0.2035624090725141,0.2099141338921132,53,0,"[28.9759443680863, 29.7458871954643, 33.51725612668065]","[12.857142857142858, 12.857142857142858, 12.857142857142858, 25.0]","[25, 29, 111, 49]",2,[33.51725612668065],"[12.857142857142858, 25.0]","[165, 49]",1
4,q3_full,medium_delay,1,model_dependent,0.2330354338906416,0.2424091307362176,53,0,[],[11.0],[214],1,[],[11.0],[214],1
4,q3_full,medium_delay,3,model_dependent,0.2325371608948049,0.2415906442906066,53,0,"[29.0780592777865, 33.82618036210485]","[11.0, 11.0, 12.857142857142858]","[32, 137, 45]",2,[33.82618036210485],"[11.0, 12.857142857142858]","[169, 45]",1
4,q3_full,medium_delay,4,model_dependent,0.2325371608948049,0.2415906442906066,53,0,"[29.152824510000002, 30.406106735, 33.82618036210485]","[11.0, 11.0, 11.0, 12.857142857142858]","[36, 44, 89, 45]",2,[33.82618036210485],"[11.0, 12.857142857142858]","[169, 45]",1
4,q3_full,high_delay,1,model_dependent,0.2330354338906416,0.2424091307362176,53,0,[],[11.0],[214],1,[],[11.0],[214],1
4,q3_full,high_delay,3,model_dependent,0.2330354338906416,0.2424091307362176,53,0,"[29.0780592777865, 29.80803022604035]","[11.0, 11.0, 11.0]","[32, 28, 154]",1,[],[11.0],[214],1
4,q3_full,high_delay,4,model_dependent,0.2330354338906416,0.2424091307362176,53,0,"[29.152824510000002, 30.406106735, 33.21173465295685]","[11.0, 11.0, 11.0, 11.0]","[36, 44, 75, 59]",1,[],[11.0],[214],1
5,q2,step_only,1,model_dependent,0.1551681268919852,0.1576169584408985,53,1,[],[25.0],[214],1,[],[25.0],[214],1
5,q2,step_only,3,model_dependent,0.1546754181726368,0.1560166850922122,53,1,"[28.995840137890752, 29.92762346]","[12.857142857142858, 25.0, 25.0]","[25, 32, 157]",2,[28.995840137890752],"[12.857142857142858, 25.0]","[25, 189]",1
5,q2,step_only,4,model_dependent,0.1546754181726368,0.1560166850922122,53,1,"[28.995840137890752, 29.92762346, 31.66284253]","[12.857142857142858, 25.0, 25.0, 25.0]","[25, 32, 57, 100]",2,[28.995840137890752],"[12.857142857142858, 25.0]","[25, 189]",1
5,q2,low_delay,1,model_dependent,0.2038727223429534,0.2070345236831787,53,1,[],[12.857142857142858],[214],1,[],[12.857142857142858],[214],0
5,q2,low_delay,3,model_dependent,0.1967308515289899,0.197869651273614,53,1,"[29.0780592777865, 33.48942369335015]","[12.857142857142858, 12.857142857142858, 25.0]","[29, 135, 50]",2,[33.48942369335015],"[12.857142857142858, 25.0]","[164, 50]",1
5,q2,low_delay,4,model_dependent,0.1967308515289899,0.197869651273614,53,1,"[29.0455820628869, 29.8182661822407, 33.48942369335015]","[12.857142857142858, 12.857142857142858, 12.857142857142858, 25.0]","[27, 27, 110, 50]",2,[33.48942369335015],"[12.857142857142858, 25.0]","[164, 50]",1
5,q2,medium_delay,1,model_dependent,0.2274489560653432,0.2304512202448387,53,1,[],[11.0],[214],1,[],[11.0],[214],1
5,q2,medium_delay,3,model_dependent,0.2266775004818088,0.2295143672412149,53,1,"[33.01379810004135, 34.10245052764635]","[11.0, 11.714285714285714, 12.857142857142858]","[150, 25, 39]",3,"[33.01379810004135, 34.10245052764635]","[11.0, 11.714285714285714, 12.857142857142858]","[150, 25, 39]",1
5,q2,medium_delay,4,model_dependent,0.2266775004818088,0.2295143672412149,53,1,"[29.20214229677795, 33.01379810004135, 34.10245052764635]","[11.0, 11.0, 11.714285714285714, 12.857142857142858]","[36, 114, 25, 39]",3,"[33.01379810004135, 34.10245052764635]","[11.0, 11.714285714285714, 12.857142857142858]","[150, 25, 39]",1
5,q2,high_delay,1,model_dependent,0.2274489560653432,0.2304512202448387,53,1,[],[11.0],[214],1,[],[11.0],[214],1
5,q2,high_delay,3,model_dependent,0.2274489560653432,0.2304512202448387,53,1,"[29.20214229677795, 30.3804461322209]","[11.0, 11.0, 11.0]","[36, 38, 140]",1,[],[11.0],[214],1
5,q2,high_delay,4,model_dependent,0.2274489560653432,0.2304512202448387,53,1,"[29.26591345677795, 30.46963577, 33.71727917055455]","[11.0, 11.0, 11.0, 11.0]","[37, 45, 84, 48]",1,[],[11.0],[214],1
5,q3_basic,step_only,1,model_dependent,0.1547466852894004,0.1560781835737866,53,1,[],[25.0],[214],1,[],[25.0],[214],1
5,q3_basic,step_only,3,model_dependent,0.1545723280557945,0.1539386877437299,53,1,"[29.152824510000002, 30.435518495]","[12.857142857142858, 25.0, 25.0]","[35, 43, 136]",2,[29.152824510000002],"[12.857142857142858, 25.0]","[35, 179]",1
5,q3_basic,step_only,4,model_dependent,0.1545723280557945,0.1539386877437299,53,1,"[29.152824510000002, 30.435518495, 32.2768860333865]","[12.857142857142858, 25.0, 25.0, 25.0]","[35, 43, 52, 84]",2,[29.152824510000002],"[12.857142857142858, 25.0]","[35, 179]",1
5,q3_basic,low_delay,1,model_dependent,0.2036952541138194,0.2018434734548356,53,1,[],[12.857142857142858],[214],1,[],[12.857142857142858],[214],0
5,q3_basic,low_delay,3,model_dependent,0.196201007180158,0.1915399165381044,53,1,"[29.10705821745655, 33.411452741852145]","[12.857142857142858, 12.857142857142858, 25.0]","[30, 132, 52]",2,[33.411452741852145],"[12.857142857142858, 25.0]","[162, 52]",1
5,q3_basic,low_delay,4,model_dependent,0.196201007180158,0.1915399165381044,53,1,"[28.995840137890752, 29.7859335372407, 33.411452741852145]","[12.857142857142858, 12.857142857142858, 12.857142857142858, 25.0]","[25, 28, 109, 52]",2,[33.411452741852145],"[12.857142857142858, 25.0]","[162, 52]",1
5,q3_basic,medium_delay,1,model_dependent,0.2274024601187821,0.2246970334148297,53,1,[],[11.0],[214],1,[],[11.0],[214],1
5,q3_basic,medium_delay,3,model_dependent,0.2265389035357264,0.2236652948890487,53,1,"[33.411452741852145, 35.00033464]","[11.0, 12.714285714285714, 12.857142857142858]","[162, 27, 25]",3,"[33.411452741852145, 35.00033464]","[11.0, 12.714285714285714, 12.857142857142858]","[162, 27, 25]",1
5,q3_basic,medium_delay,4,model_dependent,0.2265389035357264,0.2236652948890487,53,1,"[29.20214229677795, 33.411452741852145, 35.00033464]","[11.0, 11.0, 12.714285714285714, 12.857142857142858]","[36, 126, 27, 25]",3,"[33.411452741852145, 35.00033464]","[11.0, 12.714285714285714, 12.857142857142858]","[162, 27, 25]",1
5,q3_basic,high_delay,1,model_dependent,0.2274024601187821,0.2246970334148297,53,1,[],[11.0],[214],1,[],[11.0],[214],1
5,q3_basic,high_delay,3,model_dependent,0.2274024601187821,0.2246970334148297,53,1,"[29.20214229677795, 30.3804461322209]","[11.0, 11.0, 11.0]","[36, 38, 140]",1,[],[11.0],[214],1
5,q3_basic,high_delay,4,model_dependent,0.2274024601187821,0.2246970334148297,53,1,"[29.20214229677795, 30.46963577, 33.48942369335015]","[11.0, 11.0, 11.0, 11.0]","[36, 46, 82, 50]",1,[],[11.0],[214],1
5,q3_full,step_only,1,model_dependent,0.1548891609736296,0.1513759614917977,53,1,[],[25.0],[214],1,[],[25.0],[214],1
5,q3_full,step_only,3,model_dependent,0.1547759134472675,0.1490077822476026,53,1,"[29.32178088201715, 30.48501834]","[12.857142857142858, 25.0, 25.0]","[38, 48, 128]",2,[29.32178088201715],"[12.857142857142858, 25.0]","[38, 176]",1
5,q3_full,step_only,4,model_dependent,0.1547759134472675,0.1490077822476026,53,1,"[29.32178088201715, 30.521331102512548, 32.38715388355615]","[12.857142857142858, 25.0, 25.0, 25.0]","[38, 49, 47, 80]",2,[29.32178088201715],"[12.857142857142858, 25.0]","[38, 176]",1
5,q3_full,low_delay,1,model_dependent,0.2037510936053019,0.1917760656778422,53,1,[],[12.857142857142858],[214],1,[],[12.857142857142858],[214],0
5,q3_full,low_delay,3,model_dependent,0.196069805373677,0.1829488742865794,53,1,"[28.995840137890752, 33.61575142335015]","[12.857142857142858, 12.857142857142858, 25.0]","[25, 140, 49]",2,[33.61575142335015],"[12.857142857142858, 25.0]","[165, 49]",1
5,q3_full,low_delay,4,model_dependent,0.196069805373677,0.1829488742865794,53,1,"[29.749820315464298, 32.423729663906755, 33.61575142335015]","[12.857142857142858, 12.857142857142858, 12.857142857142858, 25.0]","[49, 88, 28, 49]",2,[33.61575142335015],"[12.857142857142858, 25.0]","[165, 49]",1
5,q3_full,medium_delay,1,model_dependent,0.2274124678669734,0.2138290405256195,53,1,[],[11.0],[214],1,[],[11.0],[214],1
5,q3_full,medium_delay,3,model_dependent,0.2265379953261825,0.2129020850743851,53,1,"[29.20214229677795, 33.61575142335015]","[11.0, 11.0, 12.857142857142858]","[36, 129, 49]",2,[33.61575142335015],"[11.0, 12.857142857142858]","[165, 49]",1
5,q3_full,medium_delay,4,model_dependent,0.2265379953261825,0.2129020850743851,53,1,"[29.20214229677795, 30.3804461322209, 33.61575142335015]","[11.0, 11.0, 11.0, 12.857142857142858]","[36, 38, 91, 49]",2,[33.61575142335015],"[11.0, 12.857142857142858]","[165, 49]",1
5,q3_full,high_delay,1,model_dependent,0.2274124678669734,0.2138290405256195,53,1,[],[11.0],[214],1,[],[11.0],[214],1
5,q3_full,high_delay,3,model_dependent,0.2274124678669734,0.2138290405256195,53,1,"[29.20214229677795, 30.406106735]","[11.0, 11.0, 11.0]","[36, 40, 138]",1,[],[11.0],[214],1
5,q3_full,high_delay,4,model_dependent,0.2274124678669734,0.2138290405256195,53,1,"[29.20214229677795, 30.46963577, 33.178474848588806]","[11.0, 11.0, 11.0, 11.0]","[36, 46, 73, 59]",1,[],[11.0],[214],1
